tsɿ	1	資姿咨茲滋孜□[內心像抓撓般難受：心裏～]輜齜
tsɿ	3	紫姊秭胏子籽仔虸耔秄梓滓
tsɿ	5	祀巳恣
tsʰɿ	1	疵差[參～]庛
tsɿ	2	瓷雌糍慈磁詞祠辭
tsʰɿ	3	此
tsʰɿ	5	刺賜次伺[～候]
tsɿ	6	自字牸寺-
sɿ	1	絲司私思斯撕廝澌嘶蟖師獅螄
sɿ	3	死
sɿ	5	四肆似事嗣駟飼士寺=汜俟
sɿ	6	事廁[茅～]伺[服～]
tʂʅ	1	之芝支枝肢梔知
tʂʅ	3	紙止址旨指脂
tʂʅ	5	製治置窒智至致志誌痣雉[～雞]制寘
tʂʅ	7	趾[腳～]只[～有]織職質執汁蟄指[～甲]蜘[～蛛]幟稙
tʂʰʅ	1	癡蚩哧跐[～滑嘅]匙[钥～]摛[伸：手一～]嗤鴟魑
tʂʅ	2	池遲持弛馳踟
tʂʰʅ	3	恥齒侈□[搭理：莫～他]
tʂʰʅ	5	滯翅稚啻=峙
tʂʅ	6	柿杮□[小孩頑皮而執拗：～孽]
tʂʰʅ	7	侄姪秩直值殖植擲赤尺斥
ʂʅ	1	詩屍施豉
ʂʅ	2	時鰣
ʂʅ	3	使史駛始屎矢
ʂʅ	5	世勢誓逝氏示視嗜式拭試侍仕恃
ʂʅ	6	痔[～瘡]市是
ʂʅ	7	十什石拾適識實室失蝕食濕飾釋
ʐʅ	7	日=
pi	1	屄=
pi	3	比妣彼匕[～首]
pi	7	筆畢必泌弼逼碧璧潷[將湯藥等從容器中倒出液體：～藥]滗[（同潷）]煏[烘烤]
pʰi	1	批砒[～霜]㓟[削下]
pi	2	枇琵皮疲脾啤
pʰi	3	鄙否痞秕[～谷]
pʰi	5	屁庇痹
pʰi	7	匹僻辟鼻劈霹闢癖
mi	1	瞇咪
mi	3	米尾-
mi	7	密蜜覓汨
ti	1	低
ti	3	底抵
ti	5	帝締諦蒂
ti	7	的嫡滴
tʰi	1	梯銻
ti	2	堤提題蹄啼
tʰi	3	體
tʰi	5	替涕剃屜隸棣逮
ti	6	弟第遞地
tʰi	7	笛迪敵狄滌剔惕踢糴
li	2	驢梨犁黎厘貍狸離籬璃漓釐
li	3	旅禮李裏里理鯉娌履
li	5	厲勵荔栗麗儷粒淚-吏利=
li	6	例痢利-
li	7	率立笠律力歷瀝[～箕]靂礫=
tsi	1	疽[癰～]
tsi	3	擠沮咀毑[娭～]
tsi	5	祭臍[肚～]劑薺濟際穄聚=
tsi	7	緝集輯稽疾嫉蒺即鯽唧脊積籍跡稷績藉
tsʰi	1	蛆趨妻淒棲悽焌[～水]沏嘁
tsi	2	徐齊臍[～帶]
tsʰi	3	取娶
tsʰi	5	趣砌磜[同䀙]䀙[偷看、仔細看：爾好生～一下]𥉻[（目祭）同䀙]觑[同䀙]覰[同䀙]
tsi	6	聚-[～伴]
tsʰi	7	七漆戚寂黢[～黑]䀙[近視：近～子]𥉻[（目祭）同䀙]觑[同䀙]覰[同䀙]
si	1	需須西犀綏鬚荽[芫～菜]
si	3	洗
si	5	序敘絮細緒
si	7	習胥婿襲膝悉恤息熄媳螅席昔惜夕戌析錫晳皙唽晰淅蜥
ci	1	雞肌基幾[茶～]几[～乎]饑譏機羈[～押]稽姬羈箕飢
ci	3	幾[～個]几[～个]紀己
ci	5	計繼系[～帶子]髻寄記忌既季悸痵
ci	7	急給吉戟屐[木～]棘擊激級吸圾汲
cʰi	1	欺溪-
ci	2	奇騎琦崎畸其琪棋期旗祈祁鰭歧岐芪
cʰi	3	啟起杞豈
cʰi	5	契技妓器棄氣汽泣企炁
ci	6	徛倚
cʰi	7	乞訖迄極吃=屐及
çi	1	奚溪=嘻嬉禧熹熙希稀兮羲犧
çi	2	攜[～点柴]擕[同攜]
çi	3	喜璽徙
çi	5	系[聯～]戲
çi	6	繫[桶子等物的提手]
çi	7	隙𨻶翕
ɲi	1	妮=
ɲi	2	妮-泥呢伲尼倪儀宜誼疑霓
ɲi	3	擬你=蟻
ɲi	5	藝義議膩毅詣刈[～麥]乂
ɲi	7	日-匿逆膩昵溺
i	1	伊衣依醫
i	2	移姨夷怡貽遺頤沂彜懿[～貴妃]飴胰
i	3	椅已以□[這兒：～唧]倚矣
i	5	冀肄意異億憶翼臆[～怪]羿[后～]裔曳翳[眼疾]
i	6	易[容易：～得]佾[量詞，行：栽哒一～禾]
i	7	一易[姓～]揖逸抑液益縊譯繹邑亦弌壹奕弈
pu	3	補
pu	5	布怖佈抪
pu	7	不
pʰu	1	鋪[床～]攴[用工具打：一棍子～死你]埔
pu	2	菩蒲脯葡匍□[一綹：一～]潽[液体溢出]荸[～薺]
pʰu	3	普譜甫哺圃浦捕輔-[～導]
pʰu	5	鋪[～子]舖[同鋪]埠[河～]
pu	6	簿步部蔔[萝～]
pʰu	7	赴樸撲仆曝瀑勃渤璞濮[～陽]蹼僕[前倒：～下去]讣[～告]卜
fu	1	乎呼夫膚敷麩
fu	2	胡湖蝴瑚葫狐俘孵芙扶鳧符壺斛[石～]糊鬍
fu	3	虎唬琥府俯腑拊腐斧撫滸[水～]輔=戽[（存疑）用手推走：～開]釜
fu	5	父付附咐滬婦負阜副傅賦戶護互瓠[～瓜]富
fu	6	戶-護-互-婦-
fu	7	服弗佛拂沸彿福幅輻蝠匐伏茯袱栿復腹馥複覆勿忽
ku	1	沽蛄姑鴣菇軲估=[～計]孤泒柧箍辜
ku	3	古估-[～下價]䀦鈷牯蠱[放～]股鼓賈[商～]
ku	5	故固雇顧僱痼[～疾]錮過-
ku	7	骨谷穀
kʰu	1	枯骷
ku	2	跍[蹲：～哒]
kʰu	3	苦
kʰu	5	褲庫酷=
ku	6	咕[冒出：～泡；漱口：～口]
kʰu	7	哭窟酷-
u	1	汙污烏塢鎢鄔巫誣嗚
u	2	吳蜈吾梧無蕪毋
u	3	五伍捂舞午忤武侮鵡
u	5	誤悟戊務晤惡婺
u	6	霧
u	7	物屋勿兀
tɕy	1	豬車[象棋子]朱株誅蛛珠諸鞠
tɕy	3	主煮渚褚
tɕy	5	著註駐蛀注鑄
tɕʰy	1	吹-
tɕy	2	除儲躇廚櫥芻
tɕʰy	3	處[～方]杵
tɕʰy	5	處[～所]
tɕy	6	苧住拄柱箸[筷子：一～面]
tɕʰy	7	出詘黜絀
cy	1	居拘駒
cy	3	舉举矩
cy	5	巨拒距炬具俱颶劇據懼句
cy	7	桔局跼=菊掬橘
cʰy	1	區樞驅軀嶇
cy	2	瞿衢渠
cʰy	5	去=
cy	6	懼
cʰy	7	屈
ɲy	3	女
ɕy	1	書輸抒舒殊姝睡-[打瞌～]
ɕy	2	薯[～粉]
ɕy	3	暑署黍鼠詡水-
ɕy	5	術=[技～]豎恕庶戍曙墅
ɕy	6	樹澍薯[紅～]
ɕy	7	術-[算～]述秫
çy	1	籲虛噓墟
çy	3	許=
y	1	淤瘀
y	2	魚漁如茹余於盂迂于愚儒虞娛俞渝瑜逾榆愉竽禺蠕餘
y	3	與乳雨宇語羽禹隅蕊-予嶼[島～]汝
y	5	預豫譽裕峪喻愈遇玉御禦郁=馭寓
y	6	芋嫗[老～]
y	7	擩[折進去、塞進去：～進去]捥[同擩]域棫蜮役疫入淢
pa	1	巴芭疤琶杷吧笆粑趴
pa	3	把[～握]靶㞎[大便]
pa	5	爸=罷壩霸把[刀～]欛覇灞垻䆉
pa	7	八爸-
pʰa	1	擘[兩腿張開：～開]葩
pa	2	爬耙扒
pʰa	3	啪[擬聲詞，炸裂聲：氣球～了]趴[兩腿分開]
pʰa	5	怕
pa	6	罷[特意：～是]稗
pʰa	7	拔鈸跋帕
ma	1	媽□[不愛整潔：～稀]蟆[蛤～]嗎
ma	2	麻蔴嘛痳乜[（存疑）什么：～哩人、～哩家伙]
ma	3	馬碼□[偷走東西：～起走]螞
ma	5	□[形容很舊：～舊]
ma	6	罵
ma	7	抹
fa	1	花
fa	2	華劃[～船]划[～船]樺筏鏵滑=猾=
fa	5	化
fa	6	畫話=劃[～線]划[～線]
fa	7	法砝珐琺乏發伐罰閥髮髪筏
ta	3	打
ta	5	大=[智商不高的小孩子：～伢唧]
ta	7	答搭達耷德得[～到]跌-靼畣躂
tʰa	1	他她它佗牠
tʰa	7	拓塔踏蹋榻搨塌遢溻沓趿[～雙拖鞋]獺
la	1	拿拉啦
la	2	挪[用腳在地上蹭：～泥巴]
la	3	哪
la	5	那鈉=
la	6	□[形容粗：～粗的]喇
la	7	納衲蠟臘辣剌楋[～樹]垃捺邋[～遢]捋
tsa	1	渣楂喳
tsa	5	詐炸榨蔗柵醡[酒～]乍
tsa	7	雜眨閘咤[哪～]軋劄摘啄-[雞～米]砸蚱煠
tsʰa	1	叉杈衩差[～別]
tsa	2	茶搽查茬
tsʰa	5	岔擇-[～菜]詫
tsa	6	紮[～掃把]□[小灌木叢，荊棘叢：～子]
tsʰa	7	察鍘拆坼擇=[～日]插擦
sa	1	紗沙莎痧砂杉裟桬鯊
sa	3	撒耍傻儍
sa	7	薩刷卅颯殺剎煞靸[～鞋]鎩摋霎
tʂa	1	遮
tʂa	7	只隻炙
tʂʰa	1	車
tʂʰa	3	扯
tʂʰa	7	尺-赤-
ʂa	1	賒畬
ʂa	2	蛇
ʂa	3	舍-[～不得]捨
ʂa	5	射
ʂa	6	□[口水等流出：～涎（饞）]
ʂa	7	石-失-
ka	1	家-[人～]痂跏
ka	5	架-駕-嫁
ka	7	夾-莢-挾裌[～衣]胳匣-胛甲[指～]
kʰa	1	掐[～頸根]抲
ka	2	蛤-[～蟆]
kʰa	3	卡
kʰa	5	胯[～襠]
ka	6	㐄[量詞，用手指量從拇指尖到中指尖或者兩腳跨一步之間的距離都叫一～；動詞，跨：～過去]
kʰa	7	恰-[～好]掐[～人]嘎
ŋa	1	丫椏□[張開嘴：～口]枒
ŋa	2	牙-芽-衙伢鴉-
ŋa	3	啞
ŋa	5	嚙-[～人]
ŋa	6	砑[碾壓：～胡椒；蹭、摩擦：～在書裏面；做事慢、磨蹭：莫總是～]
ŋa	7	壓-鴨押-軋額[額頭：～磕]扼軛
xa	1	蝦-[～公]哈[～氣]
xa	3	哈[～巴狗]
xa	6	下-[下面：～哩；都：～有份]夏[～天]
xa	7	瞎
a	1	啊阿=
pia	7	璧壁-
pʰia	3	㩧[（擬聲）扇嘴巴：～爾兩嘴巴子]
pia	6	癟-[形容很稀很爛：泥巴～瀉嘅]
pʰia	7	劈-
tia	1	爹-[指爺爺或者老年男性]
tia	5	滴-[形容很少一點點：～唧]
tia	7	滴-[～血]
tia	2	提
tʰia	7	踢-締-[捆綁：～緊點]
lia	1	嗲[放～]
lia	2	□[爬（通常指不太高的地方）：～上去噠]
lia	3	咧[吐出：～舌子]
lia	7	苶[累：今天很～]
tsia	3	姐
tsia	5	借□[形容很濕：衣服打的～濕嘅]
tsia	7	□[很：這小孩～細起就是娭毑帶噠]
tsia	2	邪-斜-
tsʰia	5	笡[斜：～眼睛]
tsia	6	謝-
sia	1	些
sia	3	寫
sia	5	卸瀉-[～屎]泄[～勁]
cia	1	加枷伽迦嘉袈佳家=[～庭]傢
cia	3	假賈[姓～]
cia	5	價架=駕=稼=
cia	7	甲=夾=莢筴鉀□[脾氣倔強：發～]
cia	2	茄
cʰia	7	吃-恰=洽喫-
ɲia	2	黏
ɲia	3	惹-
ɲia	5	入-[（肏）性行為，同時指罵娘：～娘]䏧[好、漂亮：～腮]
çia	1	蝦=[～醬]
çia	2	霞瑕遐暇
çia	5	廈下[為人摳門又品行不好：為人～]
çia	6	夏
çia	7	轄峽俠狹匣篋狎柙呷
ia	1	鴉=丫[～頭]椰-呀鵶
ia	2	爺[父親：～唧]蚜=
ia	3	也野雅
ia	5	亞[～洲]
ia	6	夜
ia	7	壓押
tɕya	1	抓遮[(又讀)]
tɕya	5	□[形容泼皮大叫：～～叫]
tɕʰya	5	踹
ɕya	7	甩[用手抽打：～嘴巴]
kua	1	瓜呱
kua	3	寡剮□[沒能孵出小雞的蛋：～雞蛋]
kua	5	褂子卦掛
kua	7	刮虢括聒摑
kʰua	1	誇夸
kʰua	3	垮胯[～骨]
kʰua	5	挎跨
kua	6	□[形容人沒精神：～泄嘅，沒勁]
ua	1	鴉-[老～子]蛙媧哇窪剜窊
ua	2	娃
ua	3	瓦搲[舀水：～水]
ua	5	滑-[溜～嘅]猾-[狡～]
ua	6	話-[～媒]
ua	7	襪挖滑-猾-䁊[凹陷]
cya	2	瘸[～子]
çya	1	靴
pæ	7	白伯柏百北帛缽[～子饭]
pʰæ	7	泊迫拍珀魄潑
mæ	7	末-沫-沒[～收]墨默陌麥脈
tæ	7	德
tʰæ	7	特
læ	7	肋勒□[刺：鱼～]
tsæ	7	責則側窄仄
tsʰæ	7	賊測宅策澤冊廁=[～所]擇=惻
sæ	7	色塞瑟虱澀=嗇蝨骰
tʂæ	3	者
tʂæ	7	折褶浙哲蟄=摺輒蜇
tʂʰæ	7	徹撤轍澈
ʂæ	1	奢=
ʂæ	2	佘
ʂæ	5	社麝舍=[宿～]
ʂæ	7	舌設涉攝赦
kæ	7	格革隔
kʰæ	7	克咳刻客
ŋæ	7	扼軛厄額=[金～]
xæ	7	黑核駭[～老子一跳]阂赫嚇
æ	2	而兒爾=
æ	3	耳餌洱珥
æ	6	二貳
æ	7	而
kuæ	7	國
cyæ	7	蕨厥撅橛倔決訣抉
cʰyæ	3	抈[折斷：～樹丫子]
cʰyæ	7	掘缺穴闕闋
yæ	3	噦[幹嘔：打～]
yæ	7	月玥曰熱越粵閱悅
ɕyæ	7	說説
po	1	波玻菠
po	3	□[物品很次：你這鞋太～了]
po	5	簸播□[兒語：蛋～～]
po	7	博搏膊縛駁撥剝脖鉢
pʰo	1	坡
po	2	婆皤
pʰo	3	剖=[解～]叵頗
pʰo	5	破剖-[～西瓜]
po	6	薄[～荷]
pʰo	7	薄[～被窩]鄱箔
mo	1	摸[做事慢：～～悉悉]
mo	2	魔磨[～刀]蘑摩饃模膜摹
mo	3	母拇麽麼摸[拿，偷盜：～起走]
mo	5	慕墓暮募
mo	6	磨[～子]
mo	7	目穆牧莫寞沫=末=木沐睦幕漠茉
to	1	多
to	3	朵躲垛
to	5	剁=惰墮
to	7	奪踱度[忖～]咄
tʰo	1	拖
to	2	馱駝陀坨砣鴕沱跎
tʰo	3	妥橢
tʰo	5	唾
to	6	舵拸[（存疑）往下疊放物品：～鍋子]
tʰo	7	脫托拓鐸
lo	1	啰囉
lo	2	羅邏蘿籮鑼螺騾腡
lo	3	裸□[將食物用舌頭揉搓：咬不動，～下子算了]
lo	5	烙捋摞
lo	6	糯懦
lo	7	諾落洛絡駱酪樂[～趣]□[往上放：～得樓上]
tso	3	左佐
tso	7	作桌捉啄=
tsʰo	1	搓蹉
tso	2	昨
tsʰo	3	脞挫瑳
tsʰo	5	銼錯措柞[～樹]凿
tso	6	坐座
tsʰo	7	撮[～箕]㪕濯[冲洗]
so	1	蓑梭唆娑嗦[吸面粉之類：～碗粉]
so	3	所鎖瑣
so	7	索縮塑爍蟀-[蟋～]
tʂo	5	斫-[剁：～肉]刴-[剁：～肉]
tʂo	7	酌卓拙濁灼着[穿～]
tʂʰo	7	着[睡～]綽淖戳辵[騙人：～人]鐲啜
ʂo	5	□[醜：樣子～；智障：～愚伢唧]謶[欺騙：莫～我嘅]
ʂo	7	芍勺朔碩
ko	1	哥歌戈鍋
ko	3	果裹舸
ko	5	過=個
ko	7	鴿割葛各閣郭角箇[這裏：～裏]佮[～朋友]擱
kʰo	1	科柯窠苛軻棵蝌
kʰo	3	可顆敤[敲擊：～腦殼]
kʰo	5	課㔶[（存疑）蓋在上面、壓在上面：～腳]
kʰo	7	磕渴闊廓擴確殼渴毃[兩指關節敲腦殼]
ŋo	2	鵝-俄-蛾-訛-峨-
ŋo	3	我
ŋo	6	餓-
ŋo	7	握-鱷齶顎沃斡惡鄂
xo	1	□[哄小孩：～細伢唧]□[形容很嫩：～嫩嘅]呵
xo	2	何[（姓）]河荷[～花]和[～氣]禾=
xo	3	火夥
xo	5	貨荷[負～]賀[祝～]
xo	6	賀-[～喜]禍嗬[水嘩嘩的響：水～～響]
xo	7	合盒活鶴藿豁劐[～開]獲或惑喝蠚[蜇人：～人]褐壑曷霍盍
o	1	阿窩倭屙蝸渦萵
o	2	鵝=俄=蛾=訛=禾-[～场、绊～]何-[～得了]娥=
o	5	臥=𤌍[～手]
o	7	惡=握=焐[～汗]罯[覆蓋]㷈[藏火]
tsio	7	爵嚼-
tsʰio	5	嚼=
tsʰio	7	雀鵲
sio	7	削
cio	7	腳脚
cʰio	7	卻覺[察～]
ɲio	7	虐瘧弱略掠搦蒻篛
çio	7	學
io	7	約藥鑰躍嶽樂[～器]箬[白～鋪：地名]若岳
pie	7	屄[女陰，詈語詞]
pʰie	3	蹩[～腳]
pʰie	7	別撇瞥鱉憋
mie	1	瞇-咩[蜻蜓：羊～～]䊳[很爛：～爛的]
mie	7	蔑滅篾搣[用手掰開：～桔子]
tie	7	得[要～]跌蹀□[口語詞這裡：～～在箇里咧]
tʰie	7	疊貼帖蝶碟牒鐵叠諜忒
lie	5	捩[歪：字寫～噠]戾[脾氣不好，瞎吵：發～]
lie	7	列烈裂獵劣
tsie	7	接節癤婕睫
tsʰie	3	且
tsʰie	7	妾捷倢切竊截絕絶
sie	5	謝=
sie	7	屑雪薛褻泄瀉=[拉肚子：肚子～]楔
cie	3	弆[把東西藏起來：～噠放櫃子裏]
cie	5	鋸
cie	6	□[形容皮膚接觸很粗糙：～手]
cie	7	結潔孑揭竭朅澀-劫怯
cʰie	5	去
cʰie	7	傑
çie	7	協恊脅血恤穴歇蠍腋[～窩裏]
ɲie	7	聶鑷躡業孽囁捏[無中生有，撒謊：～白]□[凹陷]□[小孩特別頑劣：好～]涅
ie	1	椰=耶
ie	3	冶
ie	6	敥[撒：～灰]
ie	7	頁葉噎乙謁翼[翅膀：～胛]
pai	1	跛[瘸了一只腿：～子]
pai	3	擺
pai	5	拜湃敗
pai	2	排牌簰[放～]
pʰai	5	派
mai	2	埋霾薶
mai	3	買賣-蕒
mai	5	邁勱賣=
mai	6	妹-[～唧]
fai	2	懷褱櫰槐淮
fai	6	壞
tai	3	歹
tai	5	戴帶怠殆大=[～夫]黛=
tʰai	1	胎台[～州]
tai	2	臺擡=苔台
tʰai	3	奤[慢慢走：～過來]
tʰai	5	態太汰泰
tai	6	大-[～细]貸待[～客]
lai	1	□[無精打采：～起～起]
lai	2	來□[遺忘：～杀噠]徠淶
lai	3	乃奶哪
lai	5	籟耐=奈=那-[那一的合音]瀨=
lai	6	耐-奈-賴癩
tsai	1	災栽齋哉
tsai	3	宰崽載[記～]
tsai	5	再債載[～人]
tsʰai	1	猜釵差
tsai	2	才財材裁豺柴
tsʰai	3	彩踩采睬
tsʰai	5	菜蔡
tsai	6	在寨浞[～雨]
sai	1	腮鰓篩釃[～酒]
sai	3	灑
sai	5	賽曬
sai	6	□[理睬：不～你]
kai	1	該垓皆階街
kai	3	改解開
kai	5	丐蓋介界疥芥尬岕戒械屆誡
kʰai	1	開揩
kʰai	3	凱愷鎧楷
kʰai	5	概溉慨
ŋai	1	唉哀娭[奶奶或者老年婦人：～唧]挨[緊貼：～噠姆媽]
ŋai	2	埃巖崖涯捱[～打]呆[傻、慢：～滯；拖延：～時間]癌
ŋai	3	藹矮靄
ŋai	5	愛隘礙艾=[～滋病]
ŋai	6	艾-[～葉]
xai	1	嗨
xai	2	孩鞋諧還[～要]偕
xai	3	海蟹
xai	5	亥駭懈氦
xai	6	害懈[松～]解[姓～]
kuai	1	乖
kuai	3	拐獪[把事情辦砸：～噠場；形容人壞：几～嘅]
kuai	5	怪
kʰuai	3	塊蒯傀
kʰuai	5	會[～計]劊[～子手]筷快
kuai	6	擓[（小物件）貼身放或帶：～得書包裏]
uai	1	歪
uai	6	外
tɕyai	3	拽
tɕʰyai	3	揣=
ɕyai	1	衰摔=[～跤]
ɕyai	3	甩=
ɕyai	5	帥率蟀=
pei	1	篦杯背揹卑碑庳椑悲蓖
pei	5	貝狽鋇弊蔽敝幣斃陛閉輩痹臂備秘泌避[～難]背=[～心；～誦]孛悖誖裨婢
pʰei	1	胚坯披丕肧
pei	2	培陪賠裴
pʰei	3	呸[吐口水：～涎]
pʰei	5	沛佩配譬-[～如]轡珮
pei	6	倍背[～時]焙被箅[～子]避-[～風]
mei	1	痗[倒黴相：～相]
mei	2	迷謎=[～語]糜梅莓黴[發～]枚媒煤眉楣彌靡玫嵋湄酶
mei	3	每美鎂
mei	5	媚寐妹=昧=魅
mei	6	謎-[猜～子]昧-妹-沕[潛泳：～子]
fei	1	灰恢飛非扉麾妃揮輝暉徽菲
fei	2	回迴茴肥
fei	3	悔誨賄毀匪榧[～樹]翡䵋[（小孩）吐：～奶]菲誹
fei	5	晦廢肺慧彗篲惠費諱痱卉吠穢繪匯=汇=疿
fei	6	匯-汇-會[開～]
tei	1	堆
tei	3	躉[（一般用於個人之間）商品批發：～白菜]懟
tei	5	對隊兌現
tʰei	1	推
tei	2	擡-抬-頹㿗穨隤
tʰei	3	腿
tʰei	5	退蛻褪
tei	6	袋代-
tʰei	7	腯[膩人：～人]
lei	1	纍[形容胖、臃腫：～堆]
lei	2	雷擂蕾鐳
lei	3	呂鋁屢儡累積磊壘餒
lei	5	慮濾類纇酹淚=
lei	6	內累[～人]
tsei	3	嘴
tsei	5	最醉=
tsei	7	□[塞：～得口袋裏]
tsʰei	1	催崔摧
tsei	2	隨随-
tsʰei	3	璀
tsʰei	5	脆翠粹碎萃淬悴啐
tsei	6	罪
tsʰei	7	□[（罵人）亂走動：～到哪裏去]
sei	1	雖
sei	2	隋髓随=
sei	5	歲隧穗遂遂燧檖穟璲襚鐩繸邃
kei	7	□[這：～邊]這
ei	3	哎[(用於答應)]
ei	5	哎[～呀]
ei	7	欸[表反問、疑問、感嘆等]
kuei	1	圭鮭皈矽閨規龜歸
kuei	3	詭軌鬼晷
kuei	5	鱖桂癸貴瑰
kʰuei	1	盔魁虧窺
kuei	2	奎葵揆暌逵夔
kʰuei	3	跪
kʰuei	5	潰愧匱=
kuei	6	櫃
uei	1	煨威葳崴
uei	2	桅危為唯維帷惟違圍微嵬薇圩
uei	3	偉委尾萎緯葦巍
uei	5	衛魏畏餵胃謂渭尉慰蔚霨偽餧
uei	6	位味未
tɕyei	1	追錐椎
tɕyei	5	墜贅綴
tɕʰyei	1	吹=炊=
tɕyei	2	錘垂捶槌
ɕyei	2	誰
ɕyei	3	水=[万～千山]
ɕyei	5	稅睡=瑞
yei	3	蕊=
yei	5	銳鋭睿
pau	1	褒包胞苞
pau	3	保堡寶飽
pau	5	報鮑[～魚]齙[～牙齒]豹爆
pʰau	1	拋鰾泡[～松]脬
pau	2	袍匏刨浮-炮[過大油炸：～紅薯片]
pʰau	3	跑
pʰau	5	雹泡[～水]炮[～彈]疱
pau	6	刨暴[魚加鹽腌製：～鹽魚]抱菢[～雞]
mau	1	貓
mau	2	毛矛茅錨牟眸[～子]牦芼髦蟊
mau	3	卯鉚
mau	5	冒冐瑁媢艒貌
mau	6	帽冇[～得]
mau	7	冇[～事]
tau	1	刀叨
tau	3	島搗禱倒[打～]
tau	5	倒[～水]到稻導盜道=[黑～]蹈
tʰau	1	滔掏
tau	2	桃逃淘陶萄濤
tʰau	3	討
tʰau	5	套
tau	6	道
lau	1	臊[羊～]朥[～氣]
lau	2	勞牢澇癆嘮
lau	3	老佬姥腦惱瑙碯
lau	5	嫪=
lau	6	鬧撈癆[毒死：～死狗]
tsau	1	遭糟㷮[花生、瓜子等炒得很脆：炩～]
tsau	3	早棗蚤澡藻找皂爪
tsau	5	竈罩笊
tsʰau	1	操抄鈔
tsau	2	曹槽巢嘈䐬[餓：肚子～]漕螬慒䏆艚
tsʰau	3	草炒吵
tsʰau	5	躁燥造糙肏=
sau	1	騷臊[尿～]梢睄艄筲捎
sau	3	嫂稍
sau	5	掃潲哨
tʂau	1	召昭招朝[～陽]沼釗
tʂau	5	照詔兆肇
tʂʰau	1	超
tʂau	2	朝[～向]潮嘲晁
tʂau	6	趙
ʂau	1	燒
ʂau	2	韶
ʂau	3	少[多～]
ʂau	5	紹邵少[～年]
ʐau	2	饒=堯=
ʐau	3	繞=擾=
kau	1	高膏篙羔糕餻膠[阿～]
kau	3	稿搞縞槁攪[～事棍]
kau	5	告誥教-[～書]窖覺[睏～]
kʰau	1	敲尻
kʰau	3	考烤拷睪[雞～子]
kʰau	5	靠犒銬
ŋau	1	爊[～菜]
ŋau	2	熬□[老年人身體好：～實]敖獒鏖
ŋau	3	襖咬-
ŋau	5	奧奥澳懊傲坳拗凹
xau	1	蒿薅[～草]
xau	2	豪壕毫嚎濠號[～叫]籇[捕魚籠]
xau	3	郝好[～壞]
xau	5	耗好浩皓澔晧
xau	6	號[小～]
piau	1	膘鏢標彪飆[～升]猋[～得快]熛[飛濺]䅺[抽穗：禾～線]
piau	3	表婊俵裱
pʰiau	1	飄漂[～浮]薸
piau	2	嫖瓢剽
pʰiau	3	漂[～洗]瞟
pʰiau	5	漂[～亮]票[車～]
miau	1	喵
miau	2	苗瞄描
miau	3	秒渺緲邈渺藐
miau	5	妙謬繆
miau	6	廟
tiau	1	刁貂雕碉凋雕叼鼦
tiau	3	鳥-屌
tiau	5	釣吊調[聲～]掉=悼[～念]
tʰiau	1	挑佻
tiau	2	條調[～音]迢笤苕岧
tʰiau	3	斢[換邊：～邊]
tʰiau	5	跳糶眺
tiau	6	掉-[垂下：～手]
liau	1	撩
liau	2	燎瞭僚鐐繚遼療嘹潦寮獠聊摷[踢：～他一腳]
liau	3	寥了[～解]
liau	5	廖料=
liau	6	料-撂
tsiau	1	焦蕉椒礁□[衣服汗濕了：～潤嘅]
tsiau	3	剿勦劋
tsiau	5	醮
tsʰiau	1	繰[～邊]邀[～伴]悄劁[閹割：～豬]
tsiau	2	樵憔瞧
tsʰiau	5	俏鞘峭陗
tsiau	6	噍[牛倒～]
siau	1	肖消宵霄硝銷逍簫嘯蕭蠨瀟橚
siau	3	小
siau	5	笑肖
ciau	1	交茭蛟鮫跤郊膠嬌驕澆
ciau	3	攪絞鉸狡繳餃皎僥
ciau	5	教=[～育]叫較珓
cʰiau	1	蹺鍬
ciau	2	橋喬僑蕎矯礄趫
cʰiau	3	巧
cʰiau	5	翹竅
ciau	6	轎撬藠[～頭股]
çiau	1	囂□[掀：～桌子、～被子]哮嘵驍梟鄡
çiau	2	淆餚殽崤
çiau	3	曉筱
çiau	5	校[～對；學～]酵孝較[比～]效哮=[～喘]
ɲiau	1	蹘[擡起：～嘴巴、～腳]
ɲiau	2	鯰嬲[發寶氣：發～]
ɲiau	3	杳鳥=䙚嬝袅
ɲiau	5	𪖐
ɲiau	6	尿
iau	1	夭妖幺吆邀腰要[～求]
iau	2	窯遙搖謠瑤徭謡猺傜繇窰肴爻姚饒-堯-鐃橈
iau	3	舀[～水]繞-擾-殀
iau	5	要耀曜燿鷂[～鷹]遶[圍～]
məu	2	謀
məu	3	某畝牡
məu	5	貿茂
təu	1	都兜逗蔸[一顆：一～辣椒秧子]篼[同蔸]
təu	3	賭堵肚斗[北～]抖陡睹
təu	5	鬥[～爭]杜度=渡=鍍=
təu	7	妒篤督毒篤牘犢
tʰəu	1	偷
təu	2	圖塗途徒屠頭投荼
tʰəu	3	土吐敨[展開：～抻]㪗[同敨]
tʰəu	5	兔透
təu	6	度-渡-鍍-豆痘荳
tʰəu	7	突禿讀獨凸
ləu	1	摟[～被窩]□[鐵銹：～鐵]
ləu	2	奴盧爐蘆廬耬[～車]樓婁鸕
ləu	3	努魯櫓鹵滷虜簍摟[～抱]鑥[～鍋]縷[一～]
ləu	5	怒
ləu	6	路露鷺[～鷥]陋漏
ləu	7	鹿麓漉摝[～渣子]祿綠錄六陸賂碌戮
tsəu	1	租謅鄒諏[胡～]鯫
tsəu	3	組祖阻走
tsəu	5	做皺
tsəu	7	足卒
tsʰəu	1	粗初搊[給小孩把尿等：～尿]
tsəu	2	鋤耡愁雛讎
tsʰəu	3	楚礎
tsʰəu	5	醋奏湊助
tsʰəu	7	促猝族
səu	1	蘇酥餿嗖搜梳蔬疏甦颼蒐
səu	3	數[動詞：～一～]叟艘
səu	5	素訴數[名詞：～字]嗽瘦漱嗉[～子，雞胃]泝
səu	7	速俗續宿[～舍]肅夙
tʂəu	1	州周洲舟
tʂəu	3	肘帚箒
tʂəu	5	紂縐驟咒晝宙
tʂəu	7	燭囑竹祝粥築[塞：～得口袋裡頭]竺𡎺[同築]
tʂʰəu	1	抽
tʂəu	2	仇綢稠惆酬籌疇售
tʂʰəu	3	醜醜丑
tʂʰəu	5	臭
tʂʰəu	7	觸束畜[～牲]逐軸蛐[～蟮子]
ʂəu	1	收
ʂəu	3	手守首
ʂəu	5	獸授壽=受=狩
ʂəu	6	壽-受-
ʂəu	7	蜀屬孰熟塾贖叔淑
ʐəu	7	肉=
kəu	1	勾鉤溝佝[～起背]
kəu	3	狗茍苟枸
kəu	5	夠雊構購垢詬
kʰəu	1	摳[～癢]瞘鈎岣
kʰəu	3	口
kʰəu	5	叩扣寇宼蔻簆
kʰəu	7	摳[～門]
ŋəu	1	歐毆摳[～錢]膒謳甌鷗
ŋəu	3	嘔藕偶耦腢
ŋəu	5	慪漚
xəu	1	痚[哮喘：扯～]齁
xəu	2	侯喉猴瘊浮䞀[貪心，對財物等想占為己有，～心重]篌鍭睺餱
xəu	3	吼犼否
xəu	5	厚=後=候=逅[邂～]后=
xəu	6	厚-後-候-后-
tiəu	1	丟
liəu	1	溜[～冰]溜[～黃瓜]
liəu	2	流劉瀏留瘤鎦[～金]硫琉旒鎏
liəu	3	榴柳
liəu	5	餾遛溜[滑～、一～房子]綹
liəu	6	□[熟悉：玩～噠]
tsiəu	1	鬏[～髻]鬮揫
tsiəu	3	酒
tsiəu	5	㲃[擰幹水或掐人：～被窩、～瓶蓋]
tsʰiəu	1	秋揪啾湫鰍
tsiəu	2	蝤酋遒
tsiəu	6	就鷲
siəu	1	休-修羞饈
siəu	5	繡秀袖銹宿[星～]
siəu	7	粟𤢂宿[宅在家：～得屋裏]
ciəu	1	糾鳩
ciəu	3	九久韭玖韮赳糺
ciəu	5	灸舅=[～唧]臼咎□[留、剩下：～点唧咯]究救
ciəu	7	□[空間狹小而沒伸展：紙～壞了]
cʰiəu	1	丘[一～田]坵蚯邱
ciəu	2	泅囚求球逑裘毬賕絿俅仇[姓～]虯虬
cʰiəu	3	糗搝
ciəu	6	舊柩舅-[小～子]
cʰiəu	7	曲=[歌～；一種中藥：力～]麴麯[酒～]蓄[～頭髮]
çiəu	1	休=咻=貅=庥=鵂=髹=髤=
çiəu	3	朽
çiəu	5	嗅=[～覺]齅溴
çiəu	7	畜[～牧]蓄旭
ɲiəu	2	牛柔揉
ɲiəu	3	扭[～轉]紐鈕狃忸
ɲiəu	5	扭[～腰肢]
ɲiəu	7	肉-玉-
iəu	1	優憂悠幽攸
iəu	2	由油郵尤猶魷遊蹂糅輮煣鞣鰇游
iəu	3	有友酉牖銪
iəu	5	柚釉幼誘莠宥囿佑右=又=祐=侑酭
iəu	6	右-又-祐-
iəu	7	欲浴慾[食～]獄育辱褥溽縟郁
põ	1	搬
põ	5	半
pʰõ	1	潘
põ	2	盤般磐=蟠
pʰõ	5	判叛
põ	6	伴畔拌
mõ	3	滿=
tõ	1	端
tõ	3	短
tõ	5	緞鍛煆
tõ	2	團摶糰
tõ	6	斷段塅
lõ	2	欒鑾孿圞鸞臠圝
lõ	3	暖卵
lõ	6	亂
tsõ	1	鑽[～研]
tsõ	3	纂
tsõ	5	鑽[～子]
tsʰõ	1	汆
tsʰõ	3	䂎[～爛]
tsʰõ	5	篡攥竄=[逃～]躥攛
tsõ	6	竄-[到處亂～]
sõ	1	酸
sõ	5	算蒜
kõ	1	官觀棺冠[雞～]倌舘琯痯輨錧
kõ	3	管館莞[東～]
kõ	5	罐灌貫冠[～軍]觀
kʰõ	1	寬
kõ	2	𢑆[彎曲（一般指老年人）：～背；驼背：莫～起隻腰]
kʰõ	3	款
kʰõ	5	墈[田～]磡
xõ	1	歡獾
xõ	2	完[～全]桓
xõ	3	緩
xõ	5	幻宦患煥喚渙
xõ	6	換
õ	3	碗皖-腕宛婉豌-畹惋莞[～爾一笑]
pẽ	1	搬-般-
pẽ	5	半-
pʰẽ	1	潘-
pẽ	2	蟠-
pʰẽ	3	拌-
pẽ	6	伴-畔-絆-
tẽ	3	短-
lẽ	6	亂-
mẽ	3	滿-
piẽ	1	鞭邊鯿
piẽ	3	貶蝙扁砭
piẽ	5	變卞汴辯辨
pʰiẽ	1	編篇偏
piẽ	2	駢便[～宜]
pʰiẽ	3	匾
pʰiẽ	5	騙遍片
piẽ	6	辮便[方～]
miẽ	2	棉綿瞞眠
miẽ	3	免娩勉俛浼凂冕[皇帝加～]緬勔偭愐湎
miẽ	5	□[拉扯：～長]面=[～子]
miẽ	6	麵[～条]面
tiẽ	1	掂癲顛巔傎滇瘨
tiẽ	3	點典碘
tiẽ	5	店電惦奠殿澱甸鈿[～子]佃
tʰiẽ	1	天添
tiẽ	2	甜田填恬[(多用於人名)]
tʰiẽ	3	舔腆
tiẽ	6	墊簟[篾～]
liẽ	2	廉鐮連蓮漣鰱憐簾聯
liẽ	3	臉
liẽ	5	殮斂瀲戀練煉楝[～子樹]鍊
liẽ	6	鏈
tsiẽ	1	尖煎戔箋牋諓籛帴
tsiẽ	3	剪戩
tsiẽ	5	箭薦濺煎[～油]漸
tsʰiẽ	1	簽籤千仟芊遷阡扡[～子]殲
tsiẽ	2	潛錢前全泉痊醛[甲～]旋-[同漩：螺～]漩-[同旋：～涡]撏[拔毛：～雞毛]
tsʰiẽ	3	淺踐
tsʰiẽ	5	倩蒨塹
tsiẽ	6	賤
siẽ	1	先筅仙秈籼纖宣喧鮮[～魚]暹[～羅]銛
siẽ	2	旋=懸涎[垂～三尺]鏇
siẽ	3	癬選鮮[～為人知]
siẽ	5	線綫腺羨鏾[阉鸡：～鸡]
ciẽ	1	兼肩堅
ciẽ	3	檢儉-繭撿鹼=
ciẽ	5	劍腱鍵建楗揵𤧣犍鞬見儉=
cʰiẽ	1	謙牽
ciẽ	2	鉗乾虔掮黔
cʰiẽ	3	肯-遣
cʰiẽ	5	欠歉嵌=芡㦿=
ciẽ	6	健[～旺]件
çiẽ	1	掀
çiẽ	2	嫌賢弦舷閑=鹹=咸=
çiẽ	3	險顯
çiẽ	5	獻憲
çiẽ	6	現縣
ɲiẽ	1	拈研妍揅蔫
ɲiẽ	2	嚴鮎言年閻閆
ɲiẽ	3	儼碾攆輦輾撚
ɲiẽ	5	諺彥喭驗
ɲiẽ	6	念硯釅
iẽ	1	閹腌煙燕咽[～喉]胭醃焉
iẽ	2	鹽延筵炎芫[～荽菜]簷
iẽ	3	演掩=衍
iẽ	5	宴燕艷厭堰焰=咽[～口水]
iẽ	6	焰-
tɕyẽ	1	粘瞻占[～蔔]專磚沾毡嫥剸甎塼鱄鄟詹
tɕyẽ	3	展轉
tɕyẽ	5	戰顫轉占[～地]佔撰
tɕʰyẽ	1	川穿釧
tɕyẽ	2	船傳纏
tɕʰyẽ	3	喘舛
tɕʰyẽ	5	串勸
tɕyẽ	6	棬[牛～]傳[～記]篆瑑
ɕyẽ	1	膻搧訕
ɕyẽ	2	蟬懸禪[～讓]嬋蟾
ɕyẽ	3	陜陝閃□[罵（多指長輩責備）：～人]
ɕyẽ	5	扇善擅贍汕
ɕyẽ	6	善-鱔-蟮-膳-
cyẽ	1	娟涓捐絹鵑[杜～花]悁駽蜎鞙
cyẽ	3	捲卷[～袖子]鬈
cyẽ	5	圈=[猪～]眷券倦卷[試～]
cʰyẽ	1	圈
cyẽ	2	拳蜷𤷄權顴
cʰyẽ	3	犬
cʰyẽ	5	勸
çyẽ	1	軒萱楦
çyẽ	2	玄
çyẽ	5	炫眩
yẽ	1	冤淵鴛箢[～箕]
yẽ	2	然燃丸完[～场]員圓緣沿鉛[～筆]元沅邧杬垣洹原源袁轅援猿園爰湲媛蝯猨瑗
yẽ	3	染軟遠阮冉
yẽ	5	願院怨
yẽ	6	垸苑
pan	1	班斑頒扳癍般=
pan	3	板版阪阪岅昄鈑拚[摔：對桌子上一～]
pan	5	绊[摔跤：莫～噠]
pʰan	1	攀
pʰan	5	盼襻[鞋～子]
pan	6	辦[～事]扮[～相]瓣湴
man	2	蠻饅乜[（存疑）什么：～人]
man	3	晚-[最小的孩子：～伢唧]
man	5	蔓漫謾[長輩批評晚輩：～佗]曼幔
man	6	慢㿸[皮膚污垢：～痂子]
fan	1	藩翻番飜幡旛繙蕃
fan	2	凡帆礬梵[～文]還=[返老～童]環煩繁蘩樊
fan	3	反返□[吵罵：就聽他～嘅]
fan	5	泛販範犯范
fan	6	飯范[姓]
tan	1	耽眈擔[～任]丹單覘[抬頭：～起腦殼]簞殫
tan	3	膽撣髧[～頭發]
tan	5	擔[～子]誕旦氮
tʰan	1	貪坍貪攤灘癱
tan	2	譚潭覃罈談痰檀壇曇彈[～琴]
tʰan	3	毯坦袒
tʰan	5	探炭碳嘆
tan	6	但淡蛋彈[～子]鎖憚[嚇我一～]
lan	2	男南藍籃難[～題]欄蘭攔楠嵐婪澜
lan	3	漤[～柿子]攬覽欖纜懶
lan	5	濫
lan	6	爛難[落～]
tsan	1	簪
tsan	3	斬嶄盞攢
tsan	5	鏨站[～立]贊濽[～水]䋎[用針線縫釘：～扣子]讚瓚湛綻蘸
tsʰan	1	參摻攙餐
tsan	2	蠶慚殘饞讒□[刺：～人，～眼睛]
tsʰan	3	慘產鏟
tsʰan	5	燦粲璨懺
tsan	6	暫賺站[車～]棧
san	1	三弎叄衫珊刪山拴閂栓姍跚
san	3	散[～錢]傘饊
san	5	散[～發]疝汕涮
kan	1	甘柑泔監乾[～濕]肝干竿艱間[中～]奸尷姦
kan	3	敢橄感減堿桿趕稈搟簡柬揀鹼
kan	5	艦監鑒鑑間[～開]諫澗幹[肯～]贛贑槓
kʰan	1	堪龕勘嵌[～花]刊
kʰan	3	砍侃坎檻
kʰan	5	看
ŋan	1	庵淹安鞍案氨[～氣池]諳鵪
ŋan	2	巖顏顔嚴-[～實]
ŋan	3	垵眼埯
ŋan	5	晏按案暗黯揞[～噠莫動]雁=[回～峰]鴈贗贋
ŋan	6	岸雁-[～鵝]
xan	1	憨酣鼾嫨[做事拖沓]
xan	2	含函涵鹹咸銜寒韓閑邯閒
xan	3	喊罕
xan	5	憾撼旱漢熯[(存疑)]翰限
xan	6	陷汗焊捍莧餡
kuan	1	關鰥瘝
kuan	5	慣
kuan	6	摜[磕碰絆：～噠腳]
uan	1	豌=灣彎
uan	2	玩頑還-紈
uan	3	晚=挽萬=[～～歲]皖=□[舀：～湯]
uan	6	萬-[一～]卍卐
pən	1	奔
pən	3	本苯
pən	5	奔[～頭]逩
pʰən	1	噴[～飯]
pən	2	盆湓彭膨澎
pən	6	笨
mən	1	蚊-
mən	2	們門文-[貨幣]
mən	3	捫
mən	5	燜悶
mən	6	悶[暈：～車]
fən	1	昏婚葷分紛芬吩雰氛
fən	2	魂渾餛焚墳橫汾枌岎羒豶
fən	3	混淆粉坋渾鯶
fən	5	糞瀵奮憤忿噴[～農藥；～啾]
fən	6	混[～日子]份
tən	1	蹲敦燈登簦豋㲪竳蹬
tən	3	墩暾礅[柱底石]等=盹戥𣎴
tən	5	盾遁噸頓燉凳=瞪蹾[豎起]
tʰən	1	吞
tən	2	屯囤沌飩騰藤滕籐縢螣疼謄豚
tʰən	3	隥[路面的凸起、台階]
tən	6	鄧鈍
lən	1	掄
lən	2	論[～語]侖輪倫淪綸崙沦仑能
lən	5	論[～文]
lən	6	嫩
tsən	1	尊遵曾增僧爭=掙箏樽
tsən	3	怎
tsən	5	俊峻竣憎贈譖甑[蒸飯炊具：飯～]
tsʰən	1	村皴
tsən	2	岑涔梣存曾層
tsʰən	3	□[物品老舊而易碎：棉絮～噠嘅]
tsʰən	5	襯寸蹭
tsən	6	捘[（按壓）]
sən	1	森參[人～]孫生=笙牲甥
sən	2	詢旬珣荀徇侚巡循
sən	3	損榫隼筍省=[～長]
sən	5	遜殉滲巽[～卦]
tʂən	1	針斟珍臻榛瑧蒸正=[～月]征真箴貞偵癥徵胗
tʂən	3	枕拯整=診疹
tʂən	5	鎮震圳振正=政鄭朕證
tʂʰən	1	稱[～重]嗔瞋琛賝郴抻[拉平直]蟶
tʂən	2	沈陳沉塵臣承=丞橙成城誠盛澄呈程乘
tʂʰən	3	懲逞
tʂʰən	5	趁秤稱[～心]
tʂən	6	陣澄[～清水]
ʂən	1	深身申伸升塍呻紳砷
ʂən	2	神辰娠晨唇宸脣繩承-[～力]乘諶
ʂən	3	沈嬸審
ʂən	5	葚甚慎腎勝聖世盛[～世]
ʂən	6	剩
ʐən	2	人=壬=仁=任=[姓～]仍=
ʐən	3	忍=
ʐən	6	认=刃=韌=靭=刄=仞=紉=紝=任=[～务]
kən	1	跟根耕庚更[～替]羹[調～]
kən	3	埂耿哽墾亙
kən	5	更[～多]艮茛亙亘
kən	7	□[這麽：～多]
kʰən	3	肯=懇啃
ŋən	1	恩
ŋən	3	□[委屈：受～]
ŋən	5	摁[～進去]
xən	1	哼亨哼脝
xən	2	痕恒恆衡
xən	3	很狠
xən	5	恨=
xən	6	恨-
pin	1	斌彬賓檳兵濱瀕繽冰=鑌[鋁：～鐵]
pin	3	丙秉柄餅=稟
pin	5	鬢殯並並冰[～冷嘅]
pʰin	1	拼=姘娉
pin	2	貧頻憑評瓶屏萍平=坪=蘋
pʰin	3	品乒牝
pʰin	5	聘摒
pin	6	併[合～]
min	2	民泯鳴冥瞑暝名=明=萌銘緡[～錢]
min	3	閩閔憫皿抿敏
tin	1	丁=砧仃朾酊
tin	3	鼎頂=
tin	5	錠
tʰin	1	廳汀
tin	2	亭停婷廷庭霆蜓莛筳鼮渟葶楟聤
tʰin	3	艇挺=梃脡
tin	6	定訂
lin	1	□[偷偷地：～噠出去]
lin	2	林琳淋霖麟鱗磷菱淩凌陵鈴羚齡拎玲鄰伶靈欞酃[～縣]臨零=[(數字)]痳燐隣遴璘嶙粼瞵疄轔
lin	3	檁凜廩[倉～]𪷤懔袊
lin	5	賃令吝藺
lin	6	另
tsin	1	晶津旌
tsin	3	儘[總是：～坐噠；不停：～搞得]
tsin	5	浸進晉靖靚
tsʰin	1	侵親蜻青=綅駸
tsin	2	尋秦情
tsʰin	3	寢
tsʰin	5	親[～家]瀙鋟沁凊[～涼嘅]
tsin	6	靜淨燼盡[～是]藎贐
sin	1	心芯新薪辛鋅猩惺莘騂
sin	3	擤[～鼻子]
sin	5	信性姓訊迅
cin	1	京鯨金今矜襟巾斤筋荊荆經兢衿紟矜釿觔
cin	3	錦緊景警謹僅槿
cin	5	禁境鏡竟競徑莖敬勁儆
cʰin	1	欽卿
cin	2	勤琴禽芹擒擎
cʰin	3	顉[低頭：～腦殼]
cʰin	5	慶磬罄
cin	6	近噤[冷得打～]
çin	1	興[～旺]欣鑫馨昕訢忻炘
çin	2	行型形刑𠛬侀邢
çin	3	□[做事沖動不聰明：～頭]
çin	5	釁杏幸興[～頭]倖悻婞涬焮[小火燜飯]
ɲin	2	寧銀-凝吟人-壬-仁-任-[姓～]仍您甯
ɲin	3	忍-
ɲin	5	佞=
ɲin	6	認-刃-韌-靭-刄-仞-紉-紝-任-[～務]寧[～可]甯[～可]
in	1	音陰因姻茵氤絪殷鷹嬰纓櫻=鸚鶯英蠅湮堙陻蔭
in	2	銀=淫婬寅迎盈楹營垠泿
in	3	引蚓紖靷癮尹飲隱穎潁頴㯋影=郢
in	5	印=飲映胤□[量：～米]應洇[澆水：～水]
tʂuən	3	准[批～]準[標～]
tʂʰuən	1	椿春
tʂʰuən	3	蠢
tʂuən	6	肫[雞～子]
ʂuən	2	純蒓醇淳鶉
ʂuən	3	吮
ʂuən	5	舜瞬
ʂuən	6	順
cyən	1	均鈞軍君諄
cyən	3	迥
cyən	5	郡駿浚
cʰyən	1	傾
cyən	2	群裙瓊
cʰyən	3	頃
cyən	6	菌肫[雞～子]
çyən	1	熏薰勛勳
çyən	5	訓
yən	1	暈氲
yən	2	雲縈[～繞]榮塋螢-熒瑩嫈滎禜謍罃瀅瀠鎣蠑嶸勻芸紜耘妘沄
yən	3	允永隕殞磒霣尹
yən	5	熨韻泳詠孕妊潤=
yən	6	潤-閏-運-
kuən	3	滾衮袞蓘
kuən	5	棍
kʰuən	1	昆坤崑崐琨焜錕鯤
kʰuən	3	捆梱悃綑稇
kʰuən	5	困睏
uən	1	溫瘟
uən	2	聞文=紋蚊=玟
uən	3	穩吻刎
uən	5	殟[淹水：～死噠]汶紊
uən	6	問
paŋ	1	幫邦浜梆弸[～硬]
paŋ	3	榜綁膀[肩～]
paŋ	5	謗棒磅
pʰaŋ	1	滂胮[～臭]乓砰[擬聲]
paŋ	2	旁螃龐傍徬
pʰaŋ	3	髈[～子肉]閛[用力關門]砰[用力關門]
pʰaŋ	5	胖
paŋ	6	蚌
maŋ	1	蒙-[用薄物包裹：～層膜]
maŋ	2	忙芒茫牤氓盲
maŋ	3	蟒莽
maŋ	5	□[因小而鼓脹：衣服～爛噠]
faŋ	1	慌慌荒
faŋ	3	恍晃謊
taŋ	1	當[～家]襠鐺
taŋ	3	黨擋檔
taŋ	5	宕□[頂端：～頭]當[典～]
tʰaŋ	1	湯
taŋ	2	糖唐塘搪溏[～毛雞屎]堂棠膛螳[～螂]
tʰaŋ	3	淌躺倘盪䠀
tʰaŋ	5	燙蕩趟
taŋ	6	盪[晃蕩：水在～]氹[小水坑：一～水]摥
laŋ	2	囊郎狼廊螂榔[～槺]瑯郞蜋
laŋ	3	朗冷
laŋ	6	浪㫰[晾曬：～衣褲]盪[洗涤：～兩下杯子]
tsaŋ	1	爭-睜-莊臟[骯～]樁裝妝髒贓
tsaŋ	5	葬壯藏[西～]臟[內～]
tsʰaŋ	1	蒼倉艙滄傖瘡窗撐-
tsaŋ	2	床藏=[躲～]
tsʰaŋ	3	闖創撞[湊錢物等：～100]
tsʰaŋ	5	嗆
tsaŋ	6	撞[～人]狀
saŋ	1	桑霜雙孀雙生-牲-甥-
saŋ	3	嗓爽省-[節～]磉
saŋ	5	喪[～氣]
tʂaŋ	1	張章樟蟑獐漳彰嫜璋慞傽鄣□[盛飯：～飯]睜-
tʂaŋ	3	長[～大]掌漲整-
tʂaŋ	5	帳賬脹瘴障悵仗杖正-
tʂʰaŋ	1	昌菖[～蒲]娼鯧倡猖
tʂaŋ	2	長[～短]腸場常=
tʂʰaŋ	3	廠敞
tʂʰaŋ	5	暢唱
tʂaŋ	6	丈
ʂaŋ	1	傷商裳聲殤觴[酒～]
ʂaŋ	2	常-嘗裳嫦成-[不～器]
ʂaŋ	3	賞晌償
ʂaŋ	5	尚=[時～]
ʂaŋ	6	上尚-[和～]
ʐaŋ	3	嚷=壤=攘=
ʐaŋ	6	讓=
kaŋ	1	崗剛鋼綱肛缸岡罁
kaŋ	3	講-港梗[菜～子]哽
kaŋ	5	杠鋼[磨刀：～刀]
kaŋ	6	扛[～噠就走]
kʰaŋ	1	康㝩糠坑-
kʰaŋ	3	慷咳□[谷物等壞了：米～了]
kʰaŋ	5	抗炕亢
ŋaŋ	1	骯[～臟]
ŋaŋ	2	昂
ŋaŋ	3	□[被硬物頂住：～腳]
ŋaŋ	5	盎
ŋaŋ	6	硬-
xaŋ	1	夯[～土]方芳邡枋蚄鈁
xaŋ	2	行[～業]航杭房-妨肪防
xaŋ	3	紡-仿坊舫彷[～彿]訪
xaŋ	5	項-放-
xaŋ	6	巷
piaŋ	1	冰-
piaŋ	3	餅-
pʰiaŋ	1	拼-
piaŋ	2	平-坪-
piaŋ	6	病-
miaŋ	2	明-名-
miaŋ	6	命-
tiaŋ	1	釘-疔-叮-盯-丁-
tiaŋ	3	頂-
tiaŋ	5	釘-
tʰiaŋ	3	挺-
tʰiaŋ	5	聽-
tiaŋ	6	定-
liaŋ	2	量[～杯]良涼梁糧零-[～碎]蛉-[蟬～子]粱
liaŋ	3	兩[～個；幾～]輛倆魎嶺-領-[衣～子]翎-
liaŋ	5	亮[明～]量[數～]諒
liaŋ	6	亮[點～]量[酒～]晾[～衣服]
tsiaŋ	1	將[～來]漿[米～]精-[～肉]睛-[眼～]
tsiaŋ	3	蔣獎槳井
tsiaŋ	5	將[～帥]醬漿[用腳踩：～一腳]
tsʰiaŋ	1	槍清-青-
tsiaŋ	2	墻薔[～薇花]牆廧嬙檣詳祥翔晴-戕
tsʰiaŋ	3	搶請-
tsʰiaŋ	5	笡[歪斜：～起眼睛]戧[歪斜]
tsiaŋ	6	像-[相～]匠凈-
siaŋ	1	相[～信]湘箱廂鑲星-[火～]襄
siaŋ	3	想醒-
siaŋ	5	腥-象像=[畫～]相[面～]橡[～木]
ciaŋ	1	姜僵江驚-薑
ciaŋ	3	頸-講=
ciaŋ	5	降[～落]絳
cʰiaŋ	1	疆韁僵腔羌輕-
ciaŋ	2	強[～大]
cʰiaŋ	3	強[勉～]
ciaŋ	6	犟
çiaŋ	1	香鄉
çiaŋ	2	降[～服]
çiaŋ	3	響晌餉饗享
çiaŋ	5	向萫[加佐料：～料]
ɲiaŋ	2	娘
ɲiaŋ	3	仰-嚷-壤-攘-
ɲiaŋ	5	釀
ɲiaŋ	6	讓-
iaŋ	1	央秧殃泱怏映-[～山紅]鴦縈-[～毛線]樱-[金～子]鹦姎柍
iaŋ	2	羊陽楊洋揚瘍[潰～]烊[融化]飏螢-[～火虫]贏-佯瓤[瓜～子]
iaŋ	3	養氧癢影-
iaŋ	5	漾恙
iaŋ	6	樣
kuaŋ	1	光胱咣
kuaŋ	3	廣
kuaŋ	5	□[形容很綠：～綠嘅]
kʰuaŋ	1	框匡筐眶傾-
kuaŋ	2	狂
kʰuaŋ	3	□[常形容食物不結實致密：～瀉嘅]
kʰuaŋ	5	況礦獷曠
kuaŋ	6	□[撞着或碰着：騎車莫～噠人]逛
uaŋ	1	汪
uaŋ	2	王亡黃煌皇蝗惶偟徨遑凰隍湟篁喤艎鍠餭鰉鱑蟥磺璜簧潢鐄
uaŋ	3	網往枉惘[～然]罔輞魍蝄
uaŋ	5	旺
uaŋ	6	忘妄望
poŋ	1	崩繃嘣
poŋ	5	蹦泵
pʰoŋ	1	烹抨怦
poŋ	2	棚朋鵬蓬篷𨂃[跑：～得何至去]硼堋
pʰoŋ	3	捧
pʰoŋ	5	碰椪掽噴[～香]
moŋ	1	蒙掹
moŋ	2	蒙萌盟
moŋ	3	猛錳懵艋
moŋ	5	孟蜢[蚱～子]
moŋ	6	夢
toŋ	1	東冬
toŋ	3	懂董抍[舉起：～起傘]
toŋ	5	凍棟
toŋ	7	□[相信別人對自己誇大其詞的贊揚而請客顯擺等：莫信別個～]□[用力往下壓：～藕煤]
tʰoŋ	1	通
toŋ	2	同銅桐童瞳潼仝
tʰoŋ	3	筒桶捅統
tʰoŋ	5	痛慟
toŋ	6	動洞
loŋ	1	聾
loŋ	2	龍籠瓏朧齈[鼻涕～]農濃儂膿隆嚨曨櫳㰍礱蘢瀧襱豅䪊竜窿癃
loŋ	3	攏隴壟壠
loŋ	5	弄
tsoŋ	1	綜宗棕淙鬃蹤
tsoŋ	3	總
tsoŋ	5	粽縱
tsʰoŋ	1	葱蔥聰聪囪匆從[～容]
tsoŋ	2	從[～小]叢樅崇松-[～树]
tsʰoŋ	3	搡[推：～我做什麽]㩳[同搡]
soŋ	1	松淞鬆嵩
soŋ	2	慫[摳門的人：～老倌唧]㞞[吝嗇]
soŋ	3	聳慫悚
soŋ	5	送宋誦頌訟
tʂoŋ	1	中[～間]終忠盅衷鐘鍾
tʂoŋ	3	腫[訓誡：～飯、～頸；浮脹]種[～性]冢塚
tʂoŋ	5	中[～標]仲眾衆種[～樹]
tʂʰoŋ	1	沖充舂衝
tʂoŋ	2	蟲重[～復]
tʂʰoŋ	3	寵
tʂʰoŋ	5	銃衝[氣味強烈]
tʂoŋ	6	重[輕～]
koŋ	1	公蚣恭工功攻供[～應]龔弓宮躬
koŋ	3	拱[～手]汞鞏
koŋ	5	供[～品]貢羾[穿越某種障礙：從人堆裏～出來]
kʰoŋ	1	空[～間]
kʰoŋ	3	孔恐
kʰoŋ	5	控空[～閑]
koŋ	6	共
ŋoŋ	1	翁嗡壅[蓋住]齆[鼻塞]
ŋoŋ	5	甕甕壅[藏在心裡]蕹
xoŋ	1	轟烘風楓瘋峰鋒蜂烽豐封峯
xoŋ	2	弘紅虹馮縫[～扣子]逢宏洪葒訌鴻
xoŋ	3	諷哄
xoŋ	5	鳳鳯奉俸
xoŋ	6	縫[一條～]蕻[～子菜]
cioŋ	2	窮穹
çioŋ	1	兄兇凶胸匈洶芎
çioŋ	2	熊雄鱅[胖頭魚：～魚]
çioŋ	5	嗅
ioŋ	1	擁庸雍臃癰
ioŋ	2	融容溶熔鎔榕榮蓉茸戎絨
ioŋ	3	永=勇詠=蛹湧俑甬踴踊慂恿冗
ioŋ	6	用傭
m	1	姆[～媽]
n	1	嗯[～諾]
n	3	你-爾-
n	6	你-爾-