i	1	扆銥咿吚蛜𣘦嫛繄翳鷖猗欹漪禕郼噫黟
i	2	眙詒飴枱鈶洟咦侇桋峓痍胰眱羠跠栘扅袲迻簃謻誃㐌杝柂迆迤貤䝯匜訑酏椸佗𢑱圯沶嶷
i	3	㠯苡猗旖掎踦綺绮輢錡齮偯矣扆迆酏匜艤顗
i	5	臆檍澺薏繶醷鐿鷾廙兾驥翌羿翊翳瞖蠮曀殪饐豷㦤裔曳洩枻袣詍勩貤袘詒猗瘞㳿乂
i	7	弌壹饐豷弋㚤杙黓帟奕弈埸蜴唈悒挹裛浥溢嗌膉艗鷁謚鎰齸懌嶧斁圛驛襗醳佚劮妷泆軼佾洫臆肊檍繶醷翌翊熠掖鳦屹仡鷊
pi	1	
pi	2	陂鈹埤陴郫禆裨猈椑鞞鼙箄紕蚍毗毘鈚魮肶㮰膍貔鎞羆䥯
pi	3	俾婢埤庳睥鞞髀裨匕
pi	5	閟邲毖狴庳萆畀𡚁獘嬖薜詖骳髲賁贔
pi	7	佖怭邲苾珌鉍飶馝駜嗶㓖滭彃篳蓽熚鞸韠縪饆蹕襞躃躄鸊偪愊湢楅腷疈皕愎觱𤻋謐祕甓荸
pʰi	1	砒紕𦱔帔狓㓟鈹銔𬭃狉
pʰi	2	
pʰi	3	嚭苤秠仳庀匕朼秕粃啚𤹦圮
pʰi	5	庀媲嫓濞帔
pʰi	7	疋澼擗癖闢甓薜鐴椑愎
mi	1	
mi	2	玫縻瀰
mi	3	敉侎洣銤弭芈沔
mi	5	睸
mi	7	宓虙蔤謐祕糸塓幎冪幎幂□鼏幦幭簚
fi	1	
fi	2	
fi	3	
fi	5	
ti	1	氐羝胝袛磾
ti	2	隄禔緹醍媞睼騠踶鞮鍉褆緹稊䬾鵜嗁蹏鍗荑
ti	3	坻邸牴觝柢砥詆弤氐泜軧
ti	5	悌娣睇杕軑釱揥禘碲螮蔕慸遰墆踶鯷𥳠坻疐嚏蝃
ti	7	啇蹢鏑甋菂玓靮翟籊糴籴趯鸐荻逖逷弔鍉覿
tʰi	1	綈鷉綈
tʰi	3	醍
tʰi	5	悌鬀啻鬄裼薙髢嚏揥殢隷
tʰi	7	惖倜俶覿踧蜴逖逷趯
li	2	樆縭褵蘺灕䍦䙰醨罹棃藜蔾黧瓈蜊釐剺嫠漦犛氂酈鸝驪鱺纚欐孋蠡劙梩
li	3	俚鋰悝浬哩裡澧□醴蠡膂𭄸
li	5	俐莉蜊猁鬁栵㾐迾唳癘礪糲蠣禲邐欐鱺攦迣詈沴盭涖莅蒞劙
li	7	叻苙鷑慄凓溧瑮篥迾秝曆厤𠪱藶嚦䍥癧櫪轣櫟礫躒轢皪擽鬲𩱇鎘酈聿嵂葎茟膟矞燏繘遹驈鷸霱鴥
tɕi	1	朞稘萁飢嘰磯禨畿𩚮魕鐖鞿璣剞敧畸觭踦乩鷄丌筓枅㚻嵇覊羇覉刉躋苴賫
tɕi	2	淇祺棊碁蜞騏麒綦萁娸璂𤪌埼錡攲碕觭踦伎蚑跂圻旂頎蘄芪祇疧疷軝耆䰇俟
tɕi	3	麂蟣庋掎剞踦
tɕi	5	悸痵鯚伎芰忮跽邔塈暨蔇穊檵惎洎瘈覬薊𦇧罽禨跂錡驥
tɕi	7	汲伋岌芨笈扱鈒咭姞蛣佶鮚亟殛撠襋毄墼轚檄葺
tsi	1	躋隮齎齏𧆌賫賷沮狙苴罝疽砠趄菹葅睢齟
tsi	2	蠐懠艩
tsi	3	鱭鮆癠泲沮咀鉏齟
tsi	5	漈傺穧嚌懠霽粢檇眥沮怚
tsi	7	蹟勣幘磧瘠蹐鶺塉嫉蒺槉蝍唧堲耤藉踖葺戢楫檝蕺濈𥊬䐕𧤏孶䜉聻
tɕʰi	1	倛諆僛欹踦觭谿榿𤄬沏
tɕʰi	2	畦
tɕʰi	3	屺芑圮綮棨掎綺
tɕʰi	5	餼霼炁禊瘈鍥栔㓶跂噐憩憇亟愒偈甈蟿欬楔
tɕʰi	7	仡忔汔犵疙屹慼葺磧
tsʰi	1	悽萋郪沏泚齌趍
tsʰi	3	
tsʰi	5	覰覻
tsʰi	7	柒桼慼磩鏚蹙墄崒覰咠
ɕi	1	唏悕□晞睎郗欷豨鵗谿傒徯蹊豀㜎謑鼷䙎鸂僖熹憙譆嚱巇㰕曦畦醯誒赥釐嘶
ɕi	2	巂酅擕蠵觿鑴眭畦
ɕi	3	憙蟢巂霼葸枲
ɕi	5	係咥屭愾霼盻餼憙塈嚱禊
ɕi	7	翕歙噏熻潝闟㬛湇檄綌郄𨻶肸虩衋覡鬩䦧闃郹扱赥赩
si	1	恓粞硒樨嘶澌𤷡縰纚糈湑諝醑繻鑐嬃鬚𨬗荽
si	2	
si	3	銑葸諰兕枲蓰屣蹝縰躧纚鱮瀡湑糈諝醑稰
si	5	敍潊溆遂
si	7	㫺唶汐穸蟋僁窸㗭蓆㭊晳皙唽晰淅蜥螅鄎熠霫䣛𧀬隰裼舃舄磶卌侐洫卹賉殈壻
ȵi	2	怩苨柅埿鈮兒郳猊貎唲䘽鯢蜺輗麑齯嶷狋鸃臡
ȵi	3	伱旎儗薿檷禰檥艤轙螘顗
ȵi	5	睨堄䛏乂蓺埶秇囈讛襼寱劓㓷藙
ȵi	7	暱𠸺𠱘搦嶷惄鷊虉鶃𱊈
vi	1	
vi	2	
vi	3	
vi	5	
kvi	1	
kvi	2	
kvi	3	
kvi	5	
kʰvi	1	
kʰvi	3	
kʰvi	5	
u	1	圬杇洿㮧
u	2	唔峿鼯浯郚鋙齬俁
u	3	仵啎牾娬嫵碔鵡潕憮廡膴甒儛隖摀
u	5	寤悞騖鶩迕遻
u	7	歾𩑦沕杌卼鋈
pu	1	晡逋餔
pu	2	莆蒱酺荸
pu	3	埔
pu	5	抪𥑢篰蔀餔酺
pu	7	𡋯㶿醭
pʰu	1	痡晡逋餔
pʰu	2	
pʰu	3	溥埔諩氆𠽾鐠
pʰu	5	舖
pʰu	7	孛浡悖𡋯桲誖鵓㶿馞僕墣鏷幞䪁醭轐襆襥襮踣
fu	1	伕砆玞衭趺鈇鄜柎胕跗虖嘑歑謼滹膴幠
fu	2	蚨苻坿泭柎孚郛莩桴稃粰罦䱐垺枹榑鳬餬猢衚鶘鬍醐𪍒䴴魱弧罘蜉
fu	3	柎弣莆簠黼鯆鬴俌郙㕮釜滏俛頫嘸甒膴
fu	5	坿祔鮒駙訃媍偩賻𣶉扈鳸擭濩穫蠖艧韄頀嘑摢冱枑怙岵祜楛婟洿鄠嫮
fu	7	怫咈坲茀彿刜紼艴氟髴笰綍洑垘栿菔箙鵩複蝮鰒鍑輹偪腷楅葍祓紱韍黻帗芾甶宓沕芴惚唿曶笏囫寣𥇰觳蔛槲欻縠鶻搰鵠貉軱𮝴
ku	1	沽蛄酤𨬟泒柧罛笟箛
ku	3	罟沽詁嘏盬羖皷瞽臌蛌凸
ku	5	凅堌鯝錮僱
ku	7	榾鶻搰蓇梏牿鵠嚳唂鋊轂𨢋瀔淈汩
----------------------------------
kʰu	1	刳鮬𱇦
kʰu	3	楛䇢𥯶
kʰu	5	袴絝
kʰu	7	堀矻刉嚳
y	1	瘀紓
y	2	圩玗杅邘釪狳艅餘踰揄隃媮羭毹覦窬牏歈蝓褕禺喁嵎齵舁臾萸諛腴歟璵輿轝旟雩伃妤袽筎洳銣鴽蕠挐濡薷襦獳蠕顬嚅𩍥醹樗摴
y	3	圄𣣄齬鋙俁麌噳瑀鄅萭鱮傴圉庾瘐楰伃妤窳噢汝籹醹蘂蕋繠
y	5	鸒藇礜禺庽籞飫饇諭癒瘉澦蕷鈺𥸤龥棜孺洳銣
y	7	棫蜮罭閾彧緎魊蔚鬱欝惌菀黦廿𧘣垼毓燠聿矞鴥
tɕy	1	㞐裾琚崌椐腒跔捄硃侏洙茱銖邾跦瀦櫫櫧疽睢
tɕy	2	佢磲蕖劬朐雊痀絇軥蒟鼩氍癯臞鸜戵璩醵噱臄蘧籧滁篨蜍躕幮跦瀦櫫
tɕy	3	榘粔擧櫸莒筥蒟踽偊窶貯羜炷𠰍鉒麈煑楮陼翥枓咀沮
tɕy	5	炬怇鉅詎秬苣蚷䣰駏埧椇豦勮遽醵鐻臄倨踞泃怐齣愳屨窶齲虡簴佇竚紵炷筯馵沮
tɕy	7	侷跼挶𫀸鋦匊踘鞫椈躹劀鷸鵙
tɕʰy	1	敺駈貙佉呿胠祛阹袪魼砠
tɕʰy	2	劬
tɕʰy	3	𣎴齲
tɕʰy	5	𨧱𦁐覰
tɕʰy	7	詘崛黜絀𨧱□齣𱌮蛐闃
ɕy	1	訏盱冔歔喣呴姁紓攄樗摴鄃樨
ɕy	2	殳藷
ɕy	3	栩鄦憮咻墅癙醑湑糈姁煦
ɕy	5	酗煦昫姁藇腧尌裋𥪡庻㖅𡂡墅杼鱮壻
ɕy	7	朮怵訹沭鉥勖藚壻洫
ȵy	3	
ȵy	5	
tʃɿ˗	1	吱鳷䝷祇泜胝袛耆榰搘卮巵
tʃɿ˗	2	杝𩚉遟墀𡂙蚳坻歭踟簃箈篪竾
tʃɿ˗	3	阯芷沚祉咫枳軹恉耆徵黹峙歭畤庤㣥坻砥扺厎祇秪帋
tʃɿ˗	5	鋕䏯緻輊㮹郅猘淛菭乿懫瘈忮寘𰤙晣摯鷙騺贄觶騭疐𢷟滍彘豸
tʃɿ˗	7	熾樴跖蹠摭䗪埴稙寘犆懫躓鑕櫍礩縶摯鷙騺贄姪桎厔郅咥挃銍庢輊螲膣馽湜陟騭紩
tʃʰɿ˗	1	嗤媸鴟螭魑黐笞齝絺瓻郗鍉眵胵褫彲
tʃʰɿ˗	2	
tʃʰɿ˗	3	哆誃褫豸廌
tʃʰɿ˗	5	饎糦眙啻𥭊傺穉彘懘蹛迣𢷟膣𡑌
tʃʰɿ˗	7	呎蚇彳叱赩敕勅鶒飭帙抶袟紩柣昳袠豑躑擿蹢螫
ʃɿ˗	1	鳲邿葹𦂛𠷇蓍眵
ʃɿ˗	2	峕塒蒔茌禔
ʃɿ˗	3	𦳊豕阤
ʃɿ˗	5	諟沶眎眂舐拭栻弑軾貰柹鈰恃筮噬澨耆諡謚肂仕
ʃɿ˗	7	祏鼫溼寔湜奭襫螫
ɹ̠ɿ˗	7	衵馹釰
tsɿ	1	諮𢫴粢趑孶嵫鎡鶿鷀嗞貲髭頿齜淄輜錙緇鯔椔菑吱耔鄑鼒𪗋齍
tsɿ	2	辤𥔵甆茨粢餈茈
tsɿ	3	仔虸耔秄姉秭胏笫訾呰𥬳茈訿啙
tsɿ	5	𦍺眥眦胔骴孶漬胾恣絘剚倳庤峙畤跱塒蒔
tsʰɿ	1	玼庛恣訾𫖠
tsʰɿ	2	鷀
tsʰɿ	3	泚佌玼
tsʰɿ	5	佽栨朿莿㓨厠儩𰂭
sɿ	1	厶偲緦颸罳鍶澌嘶𤺊蟖鷥𦸷虒禠蜤鋖溮
sɿ	3	
sɿ	5	泗柶佀姒耜禩汜戺笥飤俟竢涘騃兕澌僿仕儩
ɑ	1	錒
ɑ	3	
ɑ	7	嗄
pɑ	1	笆粑妑羓豝葩鈀叭
pɑ	2	筢跁鈀
pɑ	3	靶
pɑ	5	弝羓𥝧欛覇灞垻䆉
pɑ	7	捌哵魃
pʰɑ	1	葩
pʰɑ	2	鈀
pʰɑ	3	
pʰɑ	5	
pʰɑ	7	坺犮茇軷胈魃鼥箔
mɑ	1	嬤𥉞
mɑ	2	蔴嘛痳
mɑ	3	瑪鎷𧜗
mɑ	5	駡禡蕒
mɑ	7	嚜瀎袙
fɑ	1	嘩蘤
fɑ	2	譁嘩驊釫鋘
fɑ	5	崋嫿擭䛡摦槬踝
fɑ	7	砝珐琺垡栰醱搰螖
tɑ	3	
tɑ	5	汏
tɑ	7	畣荅褡瘩𦖿剳妲怛呾笪靼䵣𦍒噠韃薘繨鐽㿯鎉𨨹嗒鞳澾闥撻
tʰɑ	1	佗牠
tʰɑ	7	誻搨𤭼毾蹋𧪦鰨䌈鎉闒闟遝嚃嗒鞳澾撻闥躂䍇漯狧
lɑ	1	
lɑ	2	拏
lɑ	3	
lɑ	5	
lɑ	7	辢揦攋瘌鬎蝲搚臈鑞呐訥肭衲鈉氝豽軜焫魶枘汭芮蜹蚋
kɑ	1	
kɑ	2	跏
kɑ	3	
kɑ	5	尬
kɑ	7	嘎釓呷
kʰɑ	1	咖揢
kʰɑ	3	
kʰɑ	5	
kʰɑ	7	喀髂
ŋɑ	1	呀
ŋɑ	2	𤘅
ŋɑ	3	
ŋɑ	5	
ŋɑ	7	
xɑ	1	疨
xɑ	2	
xɑ	3	
xɑ	5	
xɑ	7	
tʃɑ/tsɑ	1	揸柤樝皻齇槎髽
tʃɑ/tsɑ	2	垞
tʃɑ/tsɑ	3	咱喒偺鮓
tʃɑ/tsɑ	5	乍咋厏痄搾溠夎䄍𣛽
tʃɑ/tsɑ	7	紥煠牐𦂉哳𠍹襍匝帀咂拶㭮桚唼𠸝噆囋這
tʃʰɑ/tsʰɑ	1	扠艖奓銟嗏硨
tʃʰɑ/tsʰɑ	2	槎垞
tʃʰɑ/tsʰɑ	3	哆
tʃʰɑ/tsʰɑ	5	汊䟕奼侘姹詫
tʃʰɑ/tsʰɑ	7	挿鍤𠝞歃䅤臿𠚏扱爡詧擦𮜨坼
ʃɑ/sɑ	1	裟桬鯊猀䤬仨
ʃɑ/sɑ	2	
ʃɑ/sɑ	3	儍啥𡂡𠻦
ʃɑ/sɑ	5	嗄
ʃɑ/sɑ	7	鎩摋霎𥻦箑𦵉翣霎𩎕𢶍𪮫歃
iɑ	1	呀鵶枒耶
iɑ	2	蚜齖琊厓鋣
iɑ	3	疋
iɑ	5	婭氬稏迓訝庌犽輅
iɑ	7	圠揠掗嚈
piɑ	7	
pʰiɑ	7	
tiɑ	1	
tiɑ	2	
tiɑ	7	
tʰiɑ	7	
liɑ	7	
tɕiɑ	1	伽迦笳耞鉫珈跏葭豭
tɕiɑ	2	
tɕiɑ	3	檟榎椵叚瘕嘏斝
tɕiɑ	5	
tɕiɑ	7	袷浹鋏郟蛺頰梜筴鵊呷岬鞈鞂恝嘎戛戞篋
tsia	1	嗟
tsia	2	
tsia	3	
tsia	5	
tsia	7	
tɕʰiɑ	3	
tɕʰiɑ	7	帢跲祫
tsʰiɑ	7	
ɕiɑ	1	鰕𤹉谺
ɕiɑ	2	赮騢瘕
ɕiɑ	3	
ɕiɑ	5	嗄暇罅𥕕
ɕiɑ	7	陿硤岬愜篋狎柙呷鎋𤛉𤁳霅黠䕸頰蛺祫
siɑ	1	
siɑ	2	
siɑ	3	
siɑ	5	榭
siɑ	7	
ȵiɑ	2	
uɑ	1	鼃烓蝸騧剜
uɑ	2	
uɑ	3	
uɑ	5	窊𠹁
uɑ	7	穵韈韤嗢腽
kuɑ	1	蝸騧絓
kuɑ	3	
kuɑ	5	詿絓罣罫
kuɑ	7	佸聒筈䒷鴰颳栝桰𩬩摑嘓㶁幗
kʰuɑ	1	姱喎咼
kʰuɑ	3	侉咵輠𠇗
kʰuɑ	5	骻銙髂
tʃuɑ/tɕyɑ	1	揸摣𠭯髽撾檛
tʃuɑ/tɕyɑ	2	
ʃuɑ/ɕyɑ	3	𠻦
ʃuɑ/ɕyɑ	7	
yɑ	7	
o	1	婀痾娿䋪䋍萵渦猧喎唩
o	2	娥涐哦峨峩莪鵞睋吪囮譌
o	3	哦猗婀娿嚄
o	5	涴
o	7	喔堊噁搕㷈𤎣𠥜姶
po	1	啵碆嶓磻
po	2	㜑皤
po	3	
po	5	𠴸
po	7	哱餑餺鎛簙欂礴鑮髆鱍鮁醱𦪑蹳鏺襏䃗駮仢瓝瓟亳鉢骲謈襮𧲐豰𠴸舶踣孛
pʰo	1	陂
pʰo	2	皤
pʰo	3	尀
pʰo	5	
pʰo	7	醱烞
mo	1	
mo	2	糢摹謨謩嫫獏橅麽饝劘
mo	3	鉧䥈
mo	5	幙
mo	7	茉秣靺眜妺帓袙歿歾瘼鄚瞙鏌驀𢷕藐霂苜鉬瞀楘鶩坶毣
to	1	哆
to	2	佗沱跎紽酡𨠑鮀䰿鼧驒鼉
to	3	朶垜躱埵癉嚲鬌
to	5	刴跥𮃄柁沱沲炧𠛫堶媠嶞
to	7	掇裰敠剟𡍨剫咄柮祋鐸凙
tʰo	1	牠佗拕訑詑
tʰo	2	沱跎
tʰo	3	楕嚲哆
tʰo	5	毻
tʰo	7	汑託𧘐飥侂侻棁捝説𤿫柝跅橐槖𩧐蘀籜鐸凙
lo	1	囉
lo	2	囉玀儸欏蠃蔂摞驘覼覶氌娜梛挼捼儺
lo	3	倮躶臝𧝹蠃瘰蓏砢蠡娜餪儺煖
lo	5	硦蓏穤稬
lo	7	咯珞硌袼鉻𩊚酪笿雒濼躒擽犖
ko	1	謌菏堝撾渦
ko	3	舸哿菓蜾輠錁猓
ko	5	
ko	7	骼鉻袼觡閤韐頜敆轕輵噶椁槨崞𥕖鞟鞹霩桷捔觳幗馘郃
kʰo	1	珂鈳牁蝌窽稞𨗲簻
kʰo	3	坷岢哿笴舸
kʰo	5	坷𣹇騍
kʰo	7	𣪊𢡱𣓘㲉嗑溘榼搕𢾩瞌恪頦𤿩彍蛞濶漷㗥鞟鞹埆㩁𣙜碻毃涸壑
ŋo	2	峩鵞
ŋo	3	騀
ŋo	5	
ŋo	7	咢蕚愕鄂堮崿腭鍔諤鰐𧍞遌鶚噩咹遻閼遏堨暍餲渥偓幄腛喔齷鋈
xo	1	呵訶𣘨
xo	2	龢盉
xo	3	鈥輠
xo	5	旤
xo	7	郃欱鉿曷褐鶡鞨猲毼齃盍嗑𣣹嫿貉𤁹嗀嗃熇謞翯鄗閤闔霍隺𦞦臛矐蠖檴擭濩穫矱嚄鑊艧剨騞𥒐謋濊壑
tʃo	1	𦗑
tʃo	7	倬焯踔逴趠啅槕汋彴斲斮琢諑涿㭬濯擢鷟捔禚穱欘
tso	3	
tso	5	
tso	7	怍酢胙阼𧙓葄笮筰捽𨯳噣涿㭬琢諑瘃翟濯擢櫂斲槕捔禚燋穛穱欘
tʃʰo	7	礿逴婥婼齪
tsʰo	1	磋嵯瑳醝瘥鹺𪙉痤矬莏
tsʰo	3	脞挫瑳
tsʰo	5	厝挫剉莝蓌磋怍酢胙阼祚𨯳
tsʰo	7	剒簎矠擉橇毳灂齪娖擢鷟矍攫彏戄玃蠼貜躩钁
ʃo	5	
ʃo	7	妁杓汋鑠仢槊
so	1	𥭟鮻𠈱𥇇𥆝桫挱挲莏趖傞簑
so	3	璅鏁嗩
so	7	鎍𢱢䌇繂槊矟蒴㮶溯搠嗍𤹵窣箾揱謖
io	7	唷龠籥瀹爚禴礿葯喲鸑趯渃鄀
lio	7	㨼剠擽
tɕio	7	蹻屩桷捔傕玨
tsio	7	爝穱皭
tɕʰio	7	㕁傕玨㲄斠恪
tsʰio	7	碏皵踖
ɕio	7	觳
sio	7	
ȵio	7	搦蒻篛謔
ə	1	
ə	2	洏耏栭輀胹鮞陑鴯兒峨莪
ə	3	洱珥䋙鉺駬衈爾尔邇汝
ə	5	弍樲佴刵鉺咡
ə	7	堊愕遏
pə	7	栢鉑佰鉢捭僰蘗檗
pʰə	7	粕胉舶箔濼踣茇軷魃
mə	7	嚜嘿纆𪒂袹貊貉驀貘眽覛衇霢霡䴲歿
tə	7	惪襶
tʰə	7	犆鋱忑慝螣貣
lə	7	仂氻阞扐鰳嘞泐埒哷鋝褦
kə	7	骼挌鉻觡肐虼疙紇鬲槅膈嗝㗆鎘翮搿哿舸
kʰə	1	
kʰə	3	
kʰə	5	
kʰə	7	剋尅氪欬頦緙喀揢髂衉恪
ŋə	7	阨阸㧖呃搤詻䬵杌扤屼卼□
xə	1	訶呵
xə	2	
xə	5	
xə	7	劾閡覈礉翮紇齕犵嚄鉿曷盍
tʃə	1	嗻
tʃə	3	赭
tʃə	5	鷓樜柘䗪這
tʃə	7	這喆悊蜇𧋍䇽晢哳淛慴摺懾襵𤮱霅讋摭磔輒螫謫
tsə	7	鰂嘖幘簀賾舴咋笮筰齚虴仄昃庂唶齰𢫰謫讁磔翟畟這摺
tʃʰə	1	硨蛼
tʃʰə	3	撦哆
tʃʰə	7	澈𠾀輒輙𦛖鮿屮瘈硩掣詀呫䚢喢坼
tsʰə	7	惻䇿筴畟矠襗坼𡍩輒
ʃə	1	輋檨
ʃə	2	虵
ʃə	3	捨
ʃə	5	猞䠶舐貰厙
ʃə	7	灄懾揲歙𢗗
sə	7	銫穡濇轖歰□澁譅璱愬摵槭骰
ɹ̠ə	3	喏偌
ɹ̠ə	7	𤍠
kuə	7	摑幗蟈嘓膕馘㶁
ie	1	耶㭨捓揶琊瑘鋣峫
ie	2	耶捓琊鎁峫
ie	3	釶埜
ie	5	
ie	7	鍱偞暍𥣘靨擪魘曄燁爗𦛞饁擖𠉪饐鳦
pie	1	
pie	3	
pie	7	蹩鼈
pʰie	3	蹩苤
pʰie	7	彆撆嫳鷩蹩鼈潎㿜
mie	1	芈哶蛘𥄲乜
mie	7	衊蠛
tie	1	
tie	7	堞喋蜨蹀揲惵渫楪鰈艓韘䚢鍱𠝝䐑屧墆瓞昳軼胅柣詄垤咥絰耋螲慴疉曡㲲跕
tʰie	7	怗呫跕餮䥫銕鉄驖喋
lie	7	冽洌劽茢栵鴷蛚棙躐鬣擸埒哷鋝哩
ȵie	7	臬臲闑鎳顳讘涅湼陧齧囓薾籋蘖櫱枿□孼蠥摰𧁈槷敜踂㚔鄴讞钀齾
tɕie	1	堦嗟
tɕie	2	伽
tɕie	3	
tɕie	5	藉
tɕie	7	偈碣楬羯詰劼袺蛣鮚拮秸稭頡擷襭纈䕸黠刦刧刼蜐𥾌衱袷訐紒絜挈恝桀睫
tsie	1	嗟
tsie	3	毑
tsie	5	藉耤唶褯
tsie	7	椄櫛楖蝍絶蕝啑睫
tɕʰie	2	伽
tɕʰie	3	
tɕʰie	7	挈絜揳鍥慊朅桀榤磔愜篋
tsʰie	3	
tsʰie	7	踥啑倢婕睫箑
ɕie	1	
ɕie	2	偕
ɕie	3	
ɕie	5	邂薤榭
ɕie	7	恊愶脇嗋勰猲洫烕泬頡擷襭絜楔燮
sie	1	
sie	2	衺
sie	3	䥱藛炧灺
sie	5	榭
sie	7	洩渫媟屧屟疶紲絏緤齛絏𡎮辥躠燮躞暬爇衵偰楔焫㳿𥜽鱈
ye	5	鋭曜
ye	7	刖玥説閲鉞戉狘樾𧑅龠
tɕye	1	隹
tɕye	2	腄搥
tɕye	5	
tɕye	7	抉刔玦觖鴃鴂駃趹崛𩭪瘚劂獗橛橜蹶蹷蟨嶡狊湨郹鵙鶪獝潏鐍譎觼孓噱臄茁絀䘿咄棁惙掇輟畷餟錣剟醊歠蕝爝𪨗玨矍攫桷
tɕʰye	1	
tɕʰye	2	
tɕʰye	5	
tɕʰye	7	闋觖碏埆
ɕye	1	鞾
ɕye	2	
ɕye	3	
ɕye	5	説
ɕye	7	説吷
aɪ	1	
aɪ	2	皚堐
aɪ	3	噯
aɪ	5	
paɪ	1	䠋
paɪ	2	俳徘棑箄篺
paɪ	3	襬捭猈
paɪ	5	唄粺憊
pʰaɪ	2	徘
pʰaɪ	5	𠂢淠
maɪ	2	薶
maɪ	3	蕒嘪
maɪ	5	佅勱
faɪ	2	褱櫰褢徊佪
faɪ	5	
taɪ	1	獃
taɪ	2	邰跆炱駘鮐鈶颱䑓檯枱薹儓籉
taɪ	3	紿歹詒
taɪ	5	岱帒玳瑇黛迨駘埭靆襶
tʰaɪ	1	
tʰaɪ	2	
tʰaɪ	3	
tʰaɪ	5	忲汰鈦
laɪ	1	㾍孻
laɪ	2	徠淶倈崍萊郲猍鯠騋錸
laɪ	3	迺廼嬭妳扔釢
laɪ	5	睞𧶘勑徠瀨藾糲柰耏能褦鼐
kaɪ	1	垓陔賅荄痎磑偕喈堦湝稭䕸薢
kaɪ	3	檞
kaɪ	5	匄鈣戤玠蚧骱岕尬齘䯰㕢
kʰaɪ	1	鐦□
kʰaɪ	3	鍇剴塏闓
kʰaɪ	5	欬顗愒愾嘅摡
ŋaɪ	1	
ŋaɪ	2	獃騃皚厓睚啀喦碞癌
ŋaɪ	3	
ŋaɪ	5	嬡曖僾薆靉鑀嗌餲噫磑壒
xaɪ	2	骸頦咍鞵偕龤
xaɪ	3	醢駴澥獬薢
xaɪ	5	氦嗐廨𪠘嶰邂獬澥薤瀣㕢
tʃaɪ/tsaɪ	1	葘烖
tʃaɪ/tsaɪ	2	祡㾹茈齜儕纔
tʃaɪ/tsaɪ	3	縡仔囝廌豸
tʃaɪ/tsaɪ	5	砦瘵眥眦儎
tʃaɪ/tsaɪ	7	□翟
tʃʰaɪ/tsʰaɪ	1	
tʃʰaɪ/tsʰaɪ	2	儕
tʃʰaɪ/tsʰaɪ	3	茝採綵宷跴
tʃʰaɪ/tsʰaɪ	5	蠆瘥慸蔕𨅎埰縩
ʃaɪ/saɪ	1	籭簁顋偲䰄□罳毸毢
ʃaɪ/saɪ	3	纚
ʃaɪ/saɪ	5	鎩
uaɪ	1	
uaɪ	5	
kuaɪ	1	
kuaɪ	3	柺罫踝
kuaɪ	5	夬
kʰuaɪ	3	凷
kʰuaɪ	5	快駃儈檜噲澮巜膾鄶薈禬襘旝鱠廥𥲖喟
tʃʰuaɪ/tɕʰyaɪ	3	
tʃʰuaɪ/tɕʰyaɪ	5	嘬蠆
ʃuaɪ/ɕyaɪ	1	
ʃuaɪ/ɕyaɪ	2	
ʃuaɪ/ɕyaɪ	3	
ʃuaɪ/ɕyaɪ	5	
-----------------------------
pɘɪ	1	庳椑痺箄萆蓖盃桮陂詖俾
pɘɪ	2	
pɘɪ	5	唄狽鋇梖贔賁蓓𤊷憊糒鞴韛褙偝邶琲婢奰孛悖誖薜嬖坒梐狴庳萆獘鷩鄨芘毖沘柲袐苾閟䪐庀陂詖鞁骳髲畀
pʰɘɪ	1	柸肧醅㔻伾邳狉豾秠駓
pʰɘɪ	2	
pʰɘɪ	3	
pʰɘɪ	5	珮旆斾霈茷淠浿帔潎媲孛悖誖
mɘɪ	1	黣
mɘɪ	2	玫嵋湄郿禖槑楳苺鉧脢脄麋麛冞縻蘼劘𪎭釄醾瀰濔禰獼
mɘɪ	3	渼浼媺
mɘɪ	5	沬眛魅韎𥞊袂脢瑁鬽襼
fɘɪ	1	菲啡騑霏緋馡蜚誹詼悝煇楎翬撝麾虺豗隳禕睢
fɘɪ	2	淝蜰腓囬迴廻洄徊佪蛔痐蛕蚘
fɘɪ	3	斐悱菲蜚誹棐琲朏燬虺
fɘɪ	5	芾狒疿怫剕厞屝䠊癈茷𣏕薈燴恚彗篲槥嘒暳轊蕙蟪繐憓鏸譓劌薉濊翽𧴖顪喙䜋繢靧頮滙𢑥闠
tɘɪ	1	
tɘɪ	2	頹㿗穨隤尵魋
tɘɪ	3	
tɘɪ	5	𠏮懟轛駾碓祋鐓錞憝譈
tʰɘɪ	1	蓷焞
tʰɘɪ	2	頹隤
tʰɘɪ	3	骽𮪭
tʰɘɪ	5	
lɘɪ	2	鐳嫘縲樏藟攂罍虆𢺢蘽櫑羸
lɘɪ	3	癗絫樏藟礧灅㶟櫑㒦𦢏餒餧鮾鯘侶郘
lɘɪ	5	𩔫纇礧礌耒洡䣂誄𢑥儢勴氝汭芮枘笍蜹蚋
kɘɪ	7	這
tsɘɪ	1	檇觜蟕朘
tsɘɪ	2	
tsɘɪ	3	觜
tsɘɪ	5	辠蕞晬綷檇
tsɘɪ		這
tsʰɘɪ	1	漼縗榱
tsʰɘɪ	5	啐倅焠瘁睟誶綷顇膵臎踤脺脃漼毳橇
sɘɪ	1	睢荽眭
sɘɪ	2	㵦
sɘɪ	3	巂
sɘɪ	5	遂燧𤎩檖穟璲襚鐩繸邃𣄚祟啐誶晬歳繀繐
uɘɪ	1	葳崴喴蝛楲逶緌痿偎隈渨揋癐蕤甤
uɘɪ	2	韋湋褘幃闈濰溈鄬嵬隗圩薇鮠鮰壝
uɘɪ	3	瑋煒暐韙韡諉痿娓隗嵬寪蒍䦱蘤猥趡洧鮪痏骫𨘏頠烜亹沇壝蘂蕋繠
uɘɪ	5	菋鮇壝餧蝟猬媦蔚霨褽罻衞躛讏𧍫䗽蜼
kuɘɪ	1	珪邽鮭袿䢜槼摫槻䂓騩瓌溈媯
kuɘɪ	2	揆暌騤戣睽馗夔
kuɘɪ	3	姽佹垝陒庋庪氿宄匭𩓚晷簋巋
kuɘɪ	5	溎匱𦞙劌蹶檜
kʰuɘɪ	1	闚巋刲悝
kʰuɘɪ	2	馗
kʰuɘɪ	3	跬頍蹞𩓚揆
kʰuɘɪ	5	媿騤餽饋憒聵蕢簣匱瞶闠鞼巋喟
tʃuɘɪ/tɕyɘɪ	1	鎚隹鵻騅
tʃuɘɪ/tɕyɘɪ	2	陲箠倕棰鎚搥圌
tʃuɘɪ/tɕyɘɪ	5	餟醊畷縋膇惴硾箠菙甀諈
tʃʰuɘɪ/tɕʰyɘɪ	1	龡
tʃʰuɘɪ/tɕʰyɘɪ	2	
tʃʰuɘɪ/tɕʰyɘɪ	5	
ʃuɘɪ/ɕyɘɪ	2	
ʃuɘɪ/ɕyɘɪ	3	𥫸
ʃuɘɪ/ɕyɘɪ	5	説帨捝涚裞叡
yɘɪ	5	鋭叡蕤甤枘芮汭
pɑʊ	1	枹疱鞄襃
pɑʊ	2	咆庖炰鞄颮瓟麅麃謈
pɑʊ	3	葆緥褓寳鴇
pɑʊ	5	鉋鑤虣菢𣭚袌趵煲儤
pʰɑʊ	1	脬
pʰɑʊ	2	
pʰɑʊ	3	
pʰɑʊ	5	砲礮靤皰䶌疱𣕅奅
mɑʊ	1	
mɑʊ	2	牦芼髦旄蟊蝥媌犛
mɑʊ	3	昴泖茆
mɑʊ	5	冐瑁媢艒毷眊芼耄旄䫉皃
tɑʊ	1	忉舠
tɑʊ	2	咷洮駣鼗鞉鞀𤵟匋啕綯騊鋾檮翿幬燾
tɑʊ	3	㠀擣壔裯
tɑʊ	5	衟幬燾翿纛
tʰɑʊ	1	韜縚慆幍謟洮弢絛縧饕䬢
tʰɑʊ	2	
tʰɑʊ	3	
tʰɑʊ	5	
lɑʊ	2	嘮𤎤醪潦㖿撓猱怓呶峱硇㺜獿臑橈鐃譊
lɑʊ	3	栳狫銠恅荖潦橑獠䝤轑䕩瑙碯
lɑʊ	5	憦嫪閙臑橈撓獶
kɑʊ	1	餻皋臯橰櫜鼛轇
kɑʊ	3	槁槀藳稾縞槁暠皜鎬滈杲
kɑʊ	5	郜鋯
kʰɑʊ	1	尻鄗磽墝塙橇骹
kʰɑʊ	3	攷栲熇燺薧
kʰɑʊ	5	銬
ŋɑʊ	1	㘭
ŋɑʊ	2	□敖獒嗷嗸廒厫磝摮滶遨聱螯璈驁鏊鼇鰲謷𨅚翺䥝
ŋɑʊ	3	媼䴠齩
ŋɑʊ	5	敖謷鏊𨫼澳墺隩擙鐭㘭靿扷扻奡
xɑʊ	1	嚆鎒
xɑʊ	2	嚎濠㩝蠔籇嘷獋貉
xɑʊ	3	
xɑʊ	5	秏㘪澔晧暠皥曍暤顥灝昊皜鎬滈鄗藃涸
tʃɑʊ	1	炤釗
tʃɑʊ	2	嘲晁鼂啁鄛
tʃɑʊ	3	
tʃɑʊ	5	炤銚旐垗駣曌瞾肇𦋐棹櫂
tsɑʊ	1	㯥灱
tsɑʊ	2	漕螬慒䏆艚鄛轈漅樔
tsɑʊ	3	𠕖𧎮薻璪璅
tsɑʊ	5	皁唣週𦋐噪
tʃʰɑʊ	1	弨耖𤰬𠞰
tʃʰɑʊ	2	啁晁
tʃʰɑʊ	3	麨煼
tsʰɑʊ	1	𢮥耖𤰬訬𠞰
tsʰɑʊ	2	摷漕
tsʰɑʊ	3	艸騲懆慅麨煼
tsʰɑʊ	5	艁慥簉噪譟趮懆鄵
ʃɑʊ	1	焼䈰弰蛸綃䈾髾𨈘槮
ʃɑʊ	2	杓
ʃɑʊ	3	
ʃɑʊ	5	劭卲佋袑
sɑʊ	1	搔颾慅繅𣔱䈰弰蛸綃䈾髾𨈘槮
sɑʊ	3	埽
sɑʊ	5	埽瘙譟氉
ɹ̠ɑʊ	2	嬈襓譊蕘
ɹ̠ɑʊ	3	嬈
iɑʊ	1	祅喓葽徼喲
iɑʊ	2	謡猺傜繇颻愮媱鰩謡猺傜繇窰珧銚洮軺褕揄𢋇僥嶢垚蕘嬈蟯襓橈鐃譊殽崤
iɑʊ	3	殀㴭窅偠騕鷕嬈皛㝔宎窔䴠齩抝窈
iɑʊ	5	曜燿
piɑʊ	1	䅺熛瘭摽麃儦瀌鑣臕穮滮飊飚䁃髟杓
piɑʊ	2	薸
piɑʊ	3	錶裱
piɑʊ	5	
pʰiɑʊ	1	飃螵嘌摽彯幖僄瘭慓剽薸
pʰiɑʊ	2	
pʰiɑʊ	3	殍莩瞟褾剽㟽縹摽醥皫
pʰiɑʊ	5	摽剽驃
miɑʊ	1	喵
miɑʊ	2	䖢
miɑʊ	3	杪眇媌訬藐窈窅㴭鷕
miɑʊ	5	玅庿
tiɑʊ	1	𠚻鼦𦨣𦩍㓮琱鵰彫鯛
========================
tiɑʊ	2	鞗鰷笤苕岧髫齠齔蜩銚
tiɑʊ	3	屌誂
tiɑʊ	5	弔𥾯伄䄪踔趠誂銚窵蓧窱藋嬥櫂棹
tʰiɑʊ	1	祧恌𠛪抭
tʰiɑʊ	2	
tʰiɑʊ	3	窕
tʰiɑʊ	5	朓脁艞頫
liɑʊ	2	嘹潦寮獠嫽膫憭橑鷯簝翏飂瘳豂敹膋
liɑʊ	3	𧘈釕憭嫽蓼
liɑʊ	5	嘹嫪翏𪖷鄝
tɕiɑʊ	1	茭蛟鮫姣跤鵁獢憍鱎鷮徼儌僥艽轇摎
tɕiɑʊ	2	礄趫𧄍荍
tɕiɑʊ	3	皎佼筊恔姣齩撟蹻蟜嶠敽䚩鱎譑皦僥㽱𠞰湫
tɕiɑʊ	5	呌珓筊挍斠訆噭徼敫譥嶠撟嘂斅藠噍
tsiɑʊ	1	鷦僬噍嶕燋膲撨鐎
tsiɑʊ	2	顦譙嶕燋
tsiɑʊ	3	𠞰勦劋
tsiɑʊ	5	醮僬噍釂皭爝灂趭𥛲
tɕʰiɑʊ	1	趬撬墝鍫
tɕʰiɑʊ	2	
tɕʰiɑʊ	3	愀
tɕʰiɑʊ	5	獟𪖑峭
tsʰiɑʊ	1	鍫鏒幧
tsʰiɑʊ	2	
tsʰiɑʊ	3	愀
tsʰiɑʊ	5	峭誚陗帩韒譙
ɕiɑʊ	1	枵鴞哮嘵驍僥髐膮梟鄡嘐𢶑嚻獢嗃歊烋虓猇蕭嚆
ɕiɑʊ	2	姣洨䂚餚殽崤
ɕiɑʊ	3	謏
ɕiɑʊ	5	効傚恔斅殽嗃謞肖
siɑʊ	1	逍痟肖綃蛸魈箾揱縿蕭蠨瀟橚翛莦
siɑʊ	3	篠謏
siɑʊ	5	肖歗咲韒
ȵiɑʊ	2	譊鐃
ȵiɑʊ	3	蔦䙚嬝嫋褭㒟
ȵiɑʊ	5	𪖐
pɵʊ	2	抔掊□裒
pʰɵʊ	2	抔掊裒
pʰɵʊ	3	瓿掊棓踣篰
mɵʊ	2	侔蛑麰雺鍪瞀鞪蝥蟊髳
mɵʊ	3	畆畮
mɵʊ	5	袤愗瞀楙懋鄮
tɵʊ	1	嘟闍𣘛㨮吺
tɵʊ	2	骰牏荼稌梌鵌駼酴𨢬瘏菟
tɵʊ	3	蚪阧枓睹覩陼稌
tɵʊ	5	荳痘脰鋀餖浢瀆竇窬鬬蠹蠧螙斁妬
tɵʊ	7	韣襡髑牘瀆凟嬻櫝匵殰韇鑟犢贕讟黷碡纛裻
tʰɵʊ	1	媮鍮
tʰɵʊ	2	荼
tʰɵʊ	3	黈㪗
tʰɵʊ	5	菟堍
tʰɵʊ	7	鵚鋵凸揬
lɵʊ	1	𨫒
lɵʊ	2	婁廔漊塿嘍僂蔞螻慺寠䝏瘻鞻髏鏤𠫂壚瀘櫨鑪嚧罏矑纑轤艫籚鱸臚鸕顱玈
lɵʊ	3	塿嶁婁漊嚕艪氌擄㯭艣鐪滷磠樐褸縷弩砮
lɵʊ	5	瘺僂鏤瘻𨫒潞璐𤢊簬輅耨鎒
lɵʊ	7	簏䍡樚轆膔淥琭娽逯𦪇騄醁盝睩氯籙菉箓僇戮勠磟蓼穋稑甪
kɵʊ	1	鈎岣軥袧篝搆褠鞲韝簼
kɵʊ	3	岣笱耇耉
========
kɵʊ	5	雊垢逅詬訽姤冓搆媾遘傋覯㗕彀㝅鷇
kʰɵʊ	1	彄剾眗芤
kʰɵʊ	3	釦
kʰɵʊ	5	敂釦宼蔻簆滱怐鷇
ŋɵʊ	1	膒謳甌鷗櫙䙔吽緱
ŋɵʊ	3	耦腢
ŋɵʊ	5	
xɵʊ	1	齁呴
xɵʊ	2	矦篌鍭睺餱糇鄇緱芣罘紑蜉桴罦稃涪枹
xɵʊ	3	犼呴缶
xɵʊ	5	垕郈逅銗缿堠鄇𨒥鱟偩
tʃɵʊ	1	侜輈賙週啁輖譸𥂕
tʃɵʊ	2	裯椆𥺝紬儔醻躊幬魗讐讎犨芻
tʃɵʊ	3	帚箒
tʃɵʊ	5	呪冑胄酎咮噣籀繇
tʃɵʊ	7	鬻竺爥蠋躅斀䪅韣篫㧬劚矚曯爥钃欘斸柷㖄喌朮妯
tsɵʊ	1	陬郰鄹掫菆緅棸鯫媰騶蒩
tsɵʊ	2	鉏耡芻蒭雛狙殂儔
tsɵʊ	3	掫俎爼珇沮詛跙謯帚
tsɵʊ	5	𢷗腠輳𨂡𧛸甃僽𢃸狙駔
tsɵʊ	7	哫蹙摵槭顣𢳈捽椊踤
tʃʰɵʊ	1	紬瘳篘
tʃʰɵʊ	2	儔讎
tʃʰɵʊ	3	侴
tʃʰɵʊ	5	溴
tʃʰɵʊ	7	搐亍矗歜斶臅俶蓫妯舳蛐
tsʰɵʊ	1	篘麤怚觕捔瘳
tsʰɵʊ	2	芻雛
tsʰɵʊ	3	齼
tsʰɵʊ	5	腠輳𨂡厝瘄簇簉
tsʰɵʊ	7	嗾鏃蔟簇瘯鷟倅僽蹴蹙蹵踧妯
ʃɵʊ	1	
ʃɵʊ	3	
ʃɵʊ	5	綬狩夀
ʃɵʊ	7	塾菽俶諔倏
sɵʊ	1	溲鄋廋獀螋醙騪鎪颼蒐鱐疋甦穌囌
sɵʊ	3	傁溲瞍謏藪擻籔嗾𡂡
sɵʊ	5	瘶愫傃膆泝㴑溯愬遡膄
sɵʊ	7	涑蔌簌樕遬觫餗蓿蹜夙驌橚鱐鷫謖窣倏倐儵藚
ɹ̠ɵʊ	2	蹂糅輮煣鞣鰇禸
ɹ̠ɵʊ	7	朒溽縟蓐鄏鵒鋊毓堉錥淯栯鸑彧昱煜澳隩燠𣋉薁䐿噢鬻儥恧衂𪖔
iɵʊ	1	耰嚘鄾麀滺逌呦
iɵʊ	2	蚰鈾疣肬訧蕕輶楢猷槱庮斿蝣𩹊繇冘卣揄鯈鮋蹂輮糅煣鞣禸
iɵʊ	3	銪槱庮黝䱂羑苃翛卣懮
iɵʊ	5	侑酭泑櫾鼬褏褎狖槱蜼
miɵʊ	5	
tiɵʊ	1	
liɵʊ	1	
liɵʊ	2	旒鎏畱瑠騮鶹飀懰駵𤥗斿鏐飂
liɵʊ	3	𪕚罶懰綹
liɵʊ	5	籀霤廇
tɕiɵʊ	1	朻勼樛轇摎啾
tɕiɵʊ	2	毬賕絿俅觩觓梂銶捄𤞰璆虯虬𩓚扏艽朹犰訄厹頄鼽
tɕiɵʊ	3	玖韮赳糺
tɕiɵʊ	5	桕䳆匶疚捄廐廏𧾻僦
tsiɵʊ	1	啾揫湫噍
tsiɵʊ	2	蝤
tsiɵʊ	3	愀
tsiɵʊ	5	僦鷲㩆甃𩏶
tɕʰiɵʊ	1	坵蚯邱鞦
tɕʰiɵʊ	2	璆□
tɕʰiɵʊ	3	糗搝
tɕʰiɵʊ	7	蛐𨶑
tsʰiɵʊ	1	秌𥤚萩楸鶖鰍偢鞦
ɕiɵʊ	1	庥咻貅鵂髹髤
ɕiɵʊ	3	
ɕiɵʊ	5	齅溴岫
ɕiɵʊ	7	慉稸鄐頊勖勗朂𨶑
siɵʊ	1	脩滫糔
siɵʊ	5	岫褏褎琇鏽綉
siɵʊ	7	𤢂
ȵiɵʊ	2	䒜吽
ȵiɵʊ	3	鈕狃忸妞杻恧衂𪖔
ȵiɵʊ	5	𨃔
pan	1	朌斒瘢螌䰉
pan	3	岅昄鈑魬蝂闆
pan	5	湴埿爿
pʰan	1	眅
pʰan	2	蟠
pʰan	5	襻𧘋鋬
man	1	鞔顢
man	2	曼
man	3	矕襔
man	5	曼㬅嫚鰻縵墁幔鄤鬘勱
fan	1	飜幡旛繙轓蕃貛驩
fan	2	釩笲袢䋣蘩樊蠜蕃墦燔璠蹯膰鐇颿繯鐶嬛寰圜闤鬟轘鍰桓洹萑
fan	3	
fan	5	畈汎軓𠆩氾笵軬
tan	1	鄲簞殫匰襌癉耼聃妉酖躭儋甔湛勯𤺺
tan	2	郯惔倓錟餤覃鐔蟫驔醰𨝸䉡繵笪罎壜𤮦罈
tan	3	憺黵紞黕黮撢疸亶
tan	5	柦疸狚鉭𦸁賧啖餤噉嚪啗萏窞憺甔詹澶癉僤蜑
tʰan	1	癱撢嘾嘽歎
tʰan	2	
tʰan	3	緂菼埮忐亶𤺺襢贉禫醓嗿
tʰan	5	歎㨏倓撢
lan	1	囡
lan	2	闌斕讕襴䪍幱襤惏𨬒喃枏柟蝻諵
lan	3	㩜擥爦壏嬾𡒄赧腩罱戁
lan	5	嚂糷𢬷
kan	1	虷玕□靬蚶泔坩疳姦姧蕳鬝菅囏
kan	3	筸㿻澉笴扞
kan	5	榦簳旰骭紺淦贛贑灨𣹟𡼏瞷覸襇蕳鑑轞
kʰan	1	栞戡歁慳鵮
kʰan	3	埳欿轗
kʰan	5	瞰矙闞衎磡
ŋan	1	鞌菴崦鵪䳺唵愔諳弇啽媕盫韽
ŋan	2	顔喦黬
ŋan	3	俺唵
ŋan	5	犴豻闇晻黭䳛鴈贗贋
xan	1	蚶犴豻頇㟏谽
xan	2	唅𠤮榦邗虷圅㮭崡閒𢢀瞷鷼鷴嫻𡢃蕑醎緘椷諴瑊啣
xan	3	撼頷㯺悍猂睅蔊僩憪撊
xan	5	扞閈釬骭悍捍駻唅琀闞瀚暵熯撊垷菡𢩆䦘豏
tsan	1	䐶臢孱潺
tsan	2	戔慙鐕撏毚劖巉瀺嚵欃儳酁鑱孱潺僝
tsan	3	□拶㭮桚寁趲攢塹槧聻魙僝驏琖𦈻𧣴醆歜
tsan	5	讚瓚酇蹔轏輚綻蘸篸𧸖
tsʰan	1	驂飡䱗
tsʰan	2	
tsʰan	3	黲憯噆剗剷滻嵼
tsʰan	5	粲璨孱摻羼儳懺讖湛
san	1	弎叄摻穇縿𩌰毿舢姍跚芟蔪潸𣟴
san	3	㪚饊糝䊉摻槮潸繖
san	5	㪚汕訕摲𠚹釤姍涮
pian	2	
pian	3	
pian	5	
mian	2	
tian	1	
tian	2	筳
tʰian	1	桯
tʰian	3	
tʰian	5	
lian	2	
lian	3	
tɕian	1	
tɕian	2	擎
tɕian	3	
tɕʰian	1	
tsian	1	
tsian	2	
tsian	3	
tsʰian	1	
tsʰian	3	
sian	1	
sian	3	
uan	1	帵剜蜿婠
uan	2	刓岏紈芄
uan	3	輓浣綰
uan	5	卍曼翫
kuan	1	鰥瘝癏擐矜菅綸
kuan	3	
kuan	5	擐盥
ʃuan/ɕyan	1	𣟴栓姍跚芟蔪
ʃuan/ɕyan	5	涮
tʃuan/tɕyan	5	𧸖
tʃɛn	1	怗阽苫痁詀佔霑秥溓詹噡譫薝儋幨襜旃栴旜氈氊毡邅饘鸇鱣
tʃɛn	2	廛𠪨纒躔瀍
tʃɛn	3	輾搌蹍颭襢皽邅樿
tʃɛn	5	佔𧸳
tʃʰɛn	1	襜襝嘽袩梴
tʃʰɛn	2	廛纒
tʃʰɛn	3	闡嘽囅幝燀諂讇蕆
tʃʰɛn	5	𢱟
ʃɛn	1	苫㚲
ʃɛn	2	嬋澶
ʃɛn	3	㨛陝䀹睒覢
ʃɛn	5	騸煽謆嬗蟺鱣鱓僤墠譱饍墡繕鄯僐𢕻掞剡熯
iɛn	1	菸胭臙湮奄崦俺醃□酀焉嫣蔫鄢懕懨閼𠝢甗𡿕
iɛn	2	蜒埏郔綖鋋阽棪簷檐
iɛn	3	罨𤗎匽偃蝘鼴郾鰋隁鼹渰揜媕弇剡琰扊掞兗沇檿厴黶魘𥜒覃𧍢甗巘
iɛn	5	嚥嬿讌醼鷰燄爓焱饜甗豔豓灧
piɛn	1	籩猵楄鯾箯緶
piɛn	2	楩胼骿軿諞楄
piɛn	3	惼褊碥諞藊艑窆
piɛn	5	弁昪閞抃
pʰiɛn	1	萹翩蹁
pʰiɛn	2	胼
pʰiɛn	3	諞
pʰiɛn	5	徧騗忭抃
miɛn	2	緜㒙𡒳
miɛn	3	俛浼凂絻勔偭愐湎丏沔眄
miɛn	5	偭湎麪丏泯黽
tiɛn	1	巔傎滇瘨齻詀敁
tiɛn	2	畋湉嗔滇闐磌盷菾
tiɛn	3	碘玷扂蕇
tiɛn	5	坫痁阽癜洵靛縝稹玷
tʰiɛn	1	祆靝呫敁
tʰiɛn	2	
tʰiɛn	3	忝餂㐁殄餮飻淟腆痶覥靦㥏捵
tʰiɛn	5	瑱掭捵沴舚銛
liɛn	1	璉嗹槤縺濂䥥鎌鬑𥖝搛㪠薕蠊匳奩匲籨蘝薟襝攣
liɛn	3	璉輦孌臠
liɛn	5	鍊湅歛蘞僆孌
tɕiɛn	1	揵蒹縑鰜鶼尲鰹幵鈃枅豜姦
===================
tɕiɛn	2	鈐黔鳹箝拑黚鉆鍼
tɕiɛn	3	瞼鹼鹻梘筧襺蹇𠐻謇鐧趼縑
tɕiɛn	5	楗揵𤧣犍鞬䇟
tsiɛn	1	戔箋牋諓籛帴湔椾揃鬋熸韀韉朘䘒湛瀸櫼鐫孱
tsiɛn	2	媊熸灊鬵燂𤑶撏燖爓悛荃筌銓輇牷栓跧詮
tsiɛn	3	翦譾媊鬋帴劗
tsiɛn	5	媊揃餞俴僭譖聻魙牮洊栫臶
tɕʰiɛn	1	愆諐慳掔搴褰騫謇鶱汧岍雃
tɕʰiɛn	2	
tɕʰiɛn	3	繾譴嗛
tɕʰiɛn	5	芡傔慊膁縴俔倩塹
tsʰiɛn	1	仟芊僉鐱籖鋟韆𢳍悛
tsʰiɛn	2	
tsʰiɛn	3	
tsʰiɛn	5	倩蒨綪箐輤茜槧塹
ɕiɛn	1	揎嘕薟羶
ɕiɛn	2	舷痃蚿絃嗛贒嫻漩
ɕiɛn	3	獫嶮蜆韅玁豏幰燹
ɕiɛn	5	涀峴晛睍俔豏
siɛn	1	秈籼僊蹮褼孅攕襳鱻暹憸僉銛錟摻綅姗亘
siɛn	2	漩𧐗䗠璇琁鏇璿儇嬛
siɛn	3	尟尠蘚跣銑毨箲筅姺燹獮撰僎
siɛn	5	綫腺鏾霰秈䄽蔙
ȵiɛn	1	妍揅蔫
ȵiɛn	2	秊
ȵiɛn	3	輾齞涊隒唸輦
ȵiɛn	5	騐甗讞喭唁廿卄唸𥮘埝
yɛn	1	眢鵷蜿箢惌寃鳶棩𢏮蜎裷衻蚦髥
yɛn	2	芫蒝岏黿邧杬垣洹嫄螈蚖騵縓羱猿爰湲媛蝯猨瑗褑鶢圜蝝櫞肰瓀壖堧
yɛn	3	冄冉䒣瓀蠕蝡瑌碝堧壖輭耎阮
yɛn	5	畹縓掾媛瑗
tɕyɛn	1	鵑悁駽蜎鞙朘蠲懁嫥剸甎塼鱄鄟耑遄顓
tɕyɛn	2	惓蜷𤷄鬈踡蠸舩椽遄歂輲篅
tɕyɛn	3	綣囀剸
tɕyɛn	5	帣牶絭劵勌睠狷悁睊罥鄄縳獧瑑掾篆譔饌撰僎籑䉵
tɕʰyɛn	1	弮釧紃
tɕʰyɛn	2	
tɕʰyɛn	3	畎舛荈僢
tɕʰyɛn	5	賗
ɕyɛn	1	諠暄煊瑄揎渲萱藼萲蕿蘐諼煖貆晅儇嬛蠉翾鋗
ɕyɛn	2	椽舷痃漩璿
ɕyɛn	3	咺烜輲
ɕyɛn	5	泫鉉楦楥絢㧦眴鞙煇夐繯
ɔn	3	盌畹琬𢮝蜿踠惋菀綰薍
ɔn	5	翫忨杬
pɔn	1	
pɔn	2	槃磐𨃞鞶縏柈弁蹣𠽲蟠磻
pɔn	5	秚牉䬳
pʰɔn	1	
pʰɔn	2	蟠
pʰɔn	3	𨃞
pʰɔn	5	泮頖沜
mɔn	2	顢樠鰻鏝姏蹣
mɔn	3	懣鏋
tɔn	1	耑剬篅
tɔn	2	漙剸慱槫糰䊜𧓘𩜵𥻁𩋦
tɔn	3	
tɔn	5	塅椴腶碫毈𩋦籪
tʰɔn	1	湍貒
tʰɔn	3	瘓疃畽
tʰɔn	5	彖褖
lɔn	2	巒灤圝臠
lɔn	3	煖
lɔn	5	薍
kɔn	1	
kɔn	3	舘琯痯輨錧綰筦脘
kɔn	5	鑵瓘爟鸛雚涫錧祼毌丱綸擐
kʰɔn	1	髖臗
kʰɔn	3	歀欵窾䕀䥗莞浣澣梡睆盥
kʰɔn	5	磡
ŋɔn	2	
ŋɔn	5	
xɔn	1	懽讙貛䝔驩嚾
xɔn	2	桓洹荁貆豲萑瓛莞捖芃汎紈
xɔn	3	浣
xɔn	5	奐瘓槵漶逭豢圂擐轘繯
tsɔn	1	攢巑菆𨉖
tsɔn	2	攢欑
tsɔn	3	纘攢趲篹籑撰僎譔
tsɔn	5	籫
tsʰɔn	1	躥
tsʰɔn	2	攢
tsʰɔn	5	躥攛簒爨
sɔn	1	痠狻
sɔn	5	匴筭祘
pɑŋ	1	搒徬𩍗
pɑŋ	2	㫄徬霶雱魴逄龎尨厖𥆙哤
pɑŋ	3	牓髈
pɑŋ	5	徬搒蒡鎊塝蜯𢪋棓甏
pʰɑŋ	3	耪髈
pʰɑŋ	5	
mɑŋ	1	鞔
mɑŋ	2	𥐞硭鋩邙杗虻蝱吂鄳蘉莔尨哤厖𥆙駹
mɑŋ	3	漭
mɑŋ	5	𠮵
fɑŋ	1	邡枋蚄鈁㡛肓衁䀮
fɑŋ	2	魴𦤃惶偟徨遑凰隍湟篁喤艎鍠餭鰉鱑蟥磺璜簧潢鐄
fɑŋ	3	倣髣昉旊邡𣄙滉榥幌怳潢𧧢䐠
fɑŋ	5	
tɑŋ	1	噹璫儅鐺蟷簹
tɑŋ	2	螗傏餹赯碭
tɑŋ	3	讜曭𣎲攩
tɑŋ	5	趤菪璗碭愓踼逿鐋簜
tʰɑŋ	1	鏜鞺鼞
tʰɑŋ	2	
tʰɑŋ	3	惝攩儻钂帑
tʰɑŋ	5	摥鐋
lɑŋ	2	稂莨鋃蜋踉郞嫏桹筤硠躴
lɑŋ	3	烺樃㮾樠曩攮煖
lɑŋ	5	埌𧻴誏閬
kɑŋ	1	罁矼疘釭舡㼚罡堽繮
kɑŋ	3	
kɑŋ	5	槓棡焵𥫲𥫼戇
kʰɑŋ	1	穅躿鏮恇
kʰɑŋ	3	忼𠻞
kʰɑŋ	5	伉匟沆砊犺頏閌
ŋɑŋ	1	
ŋɑŋ	2	卬
ŋɑŋ	5	
xɑŋ	2	吭迒頏桁絎
xɑŋ	5	吭桁衖鬨沆
tʃɑŋ	1	漳彰嫜璋慞傽鄣鱆麞餦粻
tʃɑŋ	2	萇塲
tʃɑŋ	3	仉鞝
tʃɑŋ	5	痮鄣幛嶂
tsɑŋ	1	臧贓贜賍髒臢牂戕鏦
tsɑŋ	2	臧
tsɑŋ	3	駔
tsɑŋ	5	臧塟奘
tʃʰɑŋ	1	猖閶錩倀鼚
tʃʰɑŋ	2	
tʃʰɑŋ	3	厰惝氅𣰉昶钂
tʃʰɑŋ	5	䩨鬯
tsʰɑŋ	1	鶬凔鏦瑽
tsʰɑŋ	2	塲
tsʰɑŋ	3	愴
tsʰɑŋ	5	愴
ʃɑŋ	1	愓禓
ʃɑŋ	2	嫦徜甞鱨筬
ʃɑŋ	3	
ʃɑŋ	5	
sɑŋ	1	
sɑŋ	3	顙塽
sɑŋ	5	
ɹ̠ɑŋ	1	勷瓤穰瀼獽禳儴蘘
ɹ̠ɑŋ	3	瀼穰蠰
ɹ̠ɑŋ	5	醸饟
iɑŋ	1	姎柍
iɑŋ	2	佯煬徉𦍕暘昜敭颺鍚禓
iɑŋ	3	瀁蛘䍩姎坱鞅
iɑŋ	5	姎煬
tɕiɑŋ	1	茳豇矼薑䕬䗵殭畺□橿繮
tɕiɑŋ	2	佯戕
tɕiɑŋ	3	顜
tɕiɑŋ	5	絳洚謽勥糨糡
tsiɑŋ	1	螿
tsiɑŋ	2	牆廧嬙檣艢戕爿佯庠
tsiɑŋ	3	奬
tsiɑŋ	5	
tɕʰiɑŋ	1	羗蜣椌跫䗵殭畺□橿繮
tɕʰiɑŋ	2	彊戕牆
tɕʰiɑŋ	3	襁鏹繦勥
tɕʰiɑŋ	5	䀶
tsʰiɑŋ	1	鎗瑲蹌鶬鏘蹡斨
tsʰiɑŋ	2	佯牆戕
tsʰiɑŋ	3	磢摤
tsʰiɑŋ	5	蹌蹡
ɕiɑŋ	1	薌膷
ɕiɑŋ	2	佯
ɕiɑŋ	3	饟亯嚮蠁
ɕiɑŋ	5	珦嚮曏萫
siɑŋ	1	緗襄勷驤欀瓖纕
siɑŋ	3	鯗
siɑŋ	5	潒襐鐌
ȵiɑŋ	2	孃
ȵiɑŋ	3	
ȵiɑŋ	5	
liɑŋ	2	俍踉鋃椋輬樑
liɑŋ	3	裲緉魎蜽
liɑŋ	5	晾倞喨踉緉
uɑŋ	1	尪
uɑŋ	2	亾
uɑŋ	3	罔輞魍蝄蛧誷菵
uɑŋ	5	迋朢
kuɑŋ	1	洸珖桄觥觵黆
kuɑŋ	2	誑
kuɑŋ	3	鄺
kuɑŋ	5	誑誆桄
kʰuɑŋ	1	劻恇洭𨴑誆
kʰuɑŋ	2	誑
kʰuɑŋ	5	貺壙卝鑛鄺纊𦀈
tʃuɑŋ/tɕyɑŋ	1	庒粧
tʃuɑŋ/tɕyɑŋ	2	牀
tʃuɑŋ/tɕyɑŋ	5	戇憃憧幢
tʃʰuɑŋ/tɕʰyɑŋ	1	窻牕愴憃鏦摐幢
tʃʰuɑŋ/tɕʰyɑŋ	2	牀
tʃʰuɑŋ/tɕʰyɑŋ	3	剙剏愴
ʃuɑŋ/ɕyɑŋ	1	艭𢥠䉶驦騻鸘瀧
ʃuɑŋ/ɕyɑŋ	3	塽
pən	1	犇賁痭掤綳祊𢆸絣𢏳
pən	2	瓫硼堋澎蟛蟚甭
pən	3	濆畚
pən	5	逩捹𤘝坌𣴞堋甏
pʰən	1	烹澎匉砰伻
pʰən	2	
pʰən	3	埲
pʰən	5	掽
mən	2	穈璊亹虋汶甿蝱虻幪瞢
mən	3	蜢艋
mən	5	㵍懣
fən	1	雰氛棻餴饙昬惛殙睧閽棔薨甍
fən	2	汾枌岎朌羒蚠鼢蚡賁蕡幩濆羵豶鼖餫琿珩黌
fən	3	坋焜鯶沄
fən	5	僨濆賁瀵諢圂慁
tən	1	鐙簦豋㲪竳惇暾䃦豚蹲
tən	2	滕籐縢螣豚臀坉芚軘迍魨窀邆彤
tən	3	戥𣎴䃦
tən	5	櫈蹬鐙嶝隥墱磴扽遯
tʰən	1	鼟啍涒焞暾痌
tʰən	2	滕豚
tʰən	3	
tʰən	5	褪
lən	1	掄
lən	2	掄崘崙綸圇蜦䑳
lən	3	
lən	5	埨嫰媆
kən	1	秔粇稉粳㪅埂浭畊縆絙揯賡鶊
kən	3	亙亘堩揯埂綆鯁骾郠褧熲
kən	5	艮茛□
kʰən	1	阬硜牼鏗慳
kʰən	3	齦豤頎齗掯
xən	1	亨哼脝
xən	2	恆姮珩桁蘅
xən	3	
xən	5	
ŋən	1	
ŋən	5	摁
tʃən	1	胗鍼鱵禛碪椹禎楨湞遉甄怔鉦佂烝脀徵鯖榛
tʃən	2	忱湛煁愖諶蔯𡷫晟郕筬侱酲澂
tʃən	3	䪴疹畛胗眕袗紾軫縝鬒黰稹晸卺
tʃən	5	賑娠蜄眹瑱揕挋紖証怔幀酖鴆
tsən	1	繒罾橧矰噌鄫崢猙琤錚鬇綪榛蓁獉溱樽罇𤮐蹲鱒鐏嶟㕙踆逡
tsən	2	涔梣鐕嶒䟫棖掁
tsən	3	撙僔
tsən	5	譖甑諍鐏陖葰畯餕𦿉鵔濬雋儁寯枃
tʃʰən	1	嗔瞋琛賝郴抻偁檉蟶赬頳𧹬竀瞠衝
tʃʰən	2	
tʃʰən	3	磣裎騁梬
tʃʰən	5	疢捵趻鴆酖齔櫬讖
tsʰən	1	瞠噌邨踆郴怱
tsʰən	2	涔
tsʰən	3	忖刌𢩭騁
tsʰən	5	吋橕牚櫬䞋嚫齔齓讖
ʃən	1	呻紳砷抻氠柛娠昇陞侁詵
ʃən	2	澠椉堘畻宸脣漘
ʃən	3	邥哂矧諗淰稔蜃脤祳瀋讅瞫
ʃən	5	椹諶黮眘脤蜃賸嵊晟
sən	1	槮蓡笙鼪𥠀猻蓀搎飧飡
sən	2	廵馴紃洵恂郇峋徇眴
sən	3	栒簨㾪眚竦
sən	5	涁沁噀顨徇侚
ɹ̠ən	2	姙紝絍礽艿陾
ɹ̠ən	3	荏荵稔扔
ɹ̠ən	5	刄仞紉訒軔肕牣衽袵餁飪恁鵀腍𡢘𰌉
in	1	裀駰氤絪洇銦鞇婣湮堙陻諲禋闉愔瘖喑慇溵侌瑛柍媖䁐韺霙膺應譍嫈罃嚶攖瓔罌甖蘡邕
in	2	垠泿齦訢齗釿夤殥霪婬崟鄞狺誾嚚唫嬴瀛籝𡢘瑩
in	3	螾紖靷櫽讔㱃潁頴㯋癭
in	5	鮣蔭廕憖憗酳喑窨䤃𢷍𢳃應譍暎罃媵㙲
pin	1	鑌獱蠙儐臏邠豳氷𤝣仌幷掤
pin	2	嚬顰嬪矉抨蓱怦枰缾帡軿洴荓郱凴
pin	3	炳昺昞邴怲迸鉼𪘀偋鞞
pin	5	擯儐臏髕𩬆併栟迸竝
pʰin	1	娉俜甹
pʰin	2	
pʰin	3	
pʰin	5	娉嬪儐擯𩬆
min	2	珉玟泯岷笢緡䃉忞旻茗銘洺酩蓂暝溟螟嫇榠鄍
min	3	鰵泯冺㨉湣愍睯脗黽僶澠茗酩嫇
min	5	暝
tin	1	仃汀朾帄靪玎酊飣
tin	2	莛筳鼮渟葶楟聤
tin	3	酊
tin	5	碇椗矴飣
tʰin	1	㕔汀町桯鞓
tʰin	2	
tʰin	3	梃脡頲珽鋌町
tʰin	5	
lin	2	痳燐隣遴璘嶙粼瞵疄轔麐囹苓聆笭舲鴒瓴泠翎狑拎跉彾軨詅櫺霝䡼蘦𧕅醽霛麢綾蔆輘睖鯪棱稜薐崚楞
lin	3	𪷤懔袊
lin	5	橉甐轔躪
tɕin	1	衿紟矜釿觔涇衾旌
tɕin	2	琹芩懃堇墐廑瘽慬噙𠘅檎黥剠勍擎檠㯳
tɕin	3	菫槿紟唫𦃂卺璟憬幜剄檠㯳擏𢹘阱儘
tɕin	5	靳凚僸妗菫廑瑾殣饉覲墐㢙獍倞逕痙脛踁𠗊
tsin	1	祲腈睛菁箐鼱鶄旌
tsin	2	螓䝼餳𧂞鬵覃燂蟫鱏鐔潯鱘燖撏樳蕁蟳鄩
tsin	3	儘阱穽
tsin	5	藎贐賮濜縉搢瑨璡溍寖祲淨竫婧凊靚䝼
tɕʰin	1	嶔衾氫
tɕʰin	2	檠勍螓
tɕʰin	3	撳搇坅廎
tɕʰin	5	搇廑厪瑾殣饉覲墐㢙菫罄謦綮𨆪鑋倩靘沁
tsʰin	1	綅駸鯖
tsʰin	2	
tsʰin	3	
tsʰin	5	瀙鋟沁吢倩凊𩇝靘
ɕin	1	昕訢忻炘焮歆廞
ɕin	2	𠛬侀邢硎鉶珩陘娙
ɕin	5	焮𢋆舋荇倖悻婞涬煡伈
sin	1	莘騂詵姺駪侁兟甡籸燊惺狌沁
sin	3	伈𤵙眚
sin	5	沁顖囟汛蕈迿
ȵin	1	
ȵin	2	嚀擰檸獰𤡺𤡺儜鬡濘甯
ȵin	3	
ȵin	5	甯濘恡躪轥靳垽憖憗媵
uən	1	輼豱緼蕰蒀氲緼
uən	2	蟁玟彣芠雯閿
uən	3	歾脗緼藴醖蕰韞稔
uən	5	抆汶紊俛絻揾愠
kuən	1	肱觥觵
kuən	3	衮袞蓘掍緄輥睔鯀鮌
kuən	5	
kʰuən	1	崑崐琨焜錕鯤鵾裩晜褌堃
kʰuən	3	梱悃綑稇閫壼
kʰuən	5	
yn	1	氲緼蒀煴涒贇奫
yn	2	芸紜耘妘沄澐蕓昀畇筠鋆鄖䢵篔溳縜熒瑩嫈滎禜謍罃瀅瀠鎣蠑嶸
yn	3	殞磒霣狁吮𦧊潁㯋
yn	5	惲鄆煇餫䩵韗䏰愠醖藴韞蕰禜醟瞤
tɕyn	1	汮莙桾皸囷箘麇麕稕迍窀坰扃駉
tɕyn	2	羣帬裠宭頵蓴煢惸璚
tɕyn	3	埻褧窘熲炅煚扃泂炯冋絅
tɕyn	5	捃攈攟窘囷箘甽稕埻濬
tɕʰyn	1	旾杶芚輴
tɕʰyn	2	煢羣
tɕʰyn	3	䔛檾𦚧踳惷
ɕyn	1	燻勳獯曛醺纁臐壎塤煇焄
ɕyn	2	湻醕錞犉蓴潯
ɕyn	3	楯輴瞬夐𢿌詗逈扃泂炯烱冋冏絅坰駉褧
ɕyn	5	蕣瞬瞚眴䀢蕈
əŋ	1	鞥螉聬
əŋ	3	蓊滃塕
əŋ	5	罋齆𨞑㘢
pəŋ	1	
pəŋ	2	埄芃竼菶埲
pəŋ	3	玤菶
pəŋ	5	
pʰəŋ	1	砰匉澎㠮烹怦
pʰəŋ	2	芃
pʰəŋ	3	唪琫䩬蜯覂
pʰəŋ	5	
məŋ	2	瞢甍鄸檬濛朦曚矇礞幪𡁏𧭊艨饛氋尨雺虻
məŋ	3	幪蜢蠓艋懞懜
məŋ	5	蜢㝱瞢
təŋ	1	鼕蝀氭涷簦
təŋ	2	仝挏峒侗衕絧茼筩佟彤僮獞憧犝𦏆橦曈朣穜艟罿燑烔
təŋ	3	挏
təŋ	5	峝恫胴挏迵涷腖諌㖦蝀働湩橦
tʰəŋ	1	蓪恫痌侗狪
tʰəŋ	2	滕
tʰəŋ	3	侗
tʰəŋ	5	衕
ləŋ	1	
ləŋ	2	嚨曨櫳㰍礱蘢瀧襱豅䪊竜窿癃霳䃧鏧辳噥憹襛㺜穠癑楞崚
ləŋ	3	儱壠篢㙙弩砮
ləŋ	5	衖愣睖
kəŋ	1	釭躳𢙄肱觥觵
kəŋ	3	栱珙拲蛬輁銾㧬
kəŋ	5	槓贛贑𣹟灨戇
kʰəŋ	1	崆箜倥悾穹鏗
kʰəŋ	3	倥鑛
kʰəŋ	5	□
xəŋ	1	叿吽𦕠銾嚝訇渹謍䃔峯蠭灃酆葑犎亨哼
xəŋ	2	葒訌鴻竑吰鈜谹耾紘翃𦐌𠰈泓鞃閎鉷洚䎕夆渢恆
xəŋ	3	嗊鬨澒唪
xəŋ	5	㶹鬨閧澒賵鳯
tʃəŋ	1	衷忪妐伀彸螽鍾𦉂烝
tʃəŋ	2	
tʃəŋ	3	歱踵尰瘇塜冡
tʃəŋ	5	狆
tsəŋ	1	倧㚇騣鬉緵猣嵏鍐椶鯼鬷翪㙡豵緫琮悰賨
tsəŋ	2	樷藂琮悰賨潀
tsəŋ	3	傯憁鬷𥡥
tsəŋ	5	瘲猔糉
tʃʰəŋ	1	浺忡翀㤝珫衝憧㣫憃摏蹖蟶
tʃʰəŋ	2	
tʃʰəŋ	3	騁
tʃʰəŋ	5	㧤憃
tsʰəŋ	1	悤怱緫璁䡯驄𩣢瑽鏦蓯
tsʰəŋ	2	
səŋ	1	凇忪菘崧鬆鍶娀
səŋ	3	竦駷嵸𢥠
səŋ	5	
iəŋ	1	饔噰壅蕹癕邕嗈雝癰廱灉膺
iəŋ	2	慵墉鄘鏞喁顒狨毧茙羢駥肜鎔瑢瀜
iəŋ	3	俑甬𠳀踴踊慂恿惥𧗴壅雝宂冗氄
iəŋ	5	壅㙲應
tɕiəŋ	1	旌
tɕiəŋ	2	邛𦭎筇蛩跫銎穹藭匔
tɕiəŋ	3	
tɕiəŋ	5	
ɕiəŋ	1	㓙訩詾胷恟
ɕiəŋ	2	鱅
ɕiəŋ	3	
ɕiəŋ	5	
m̩	3	
m̩	7	
m̩		